1498222970756,24:de:c6:e5:4b:f2,-90;,24:de:c6:e5:4b:f1,-90;,24:de:c6:e5:4b:f4,-89;,24:de:c6:e5:4c:00,-87;,24:de:c6:e5:4b:f3,-88;,24:de:c6:e5:4b:f0,-89;,fc:3f:db:e5:15:42,-89;,ec:08:6b:8a:c2:69,-89;,38:10:d5:0c:71:80,-91;,3a:10:d5:0c:71:80,-93;,,80ec3f676e17debf
1498222971014,24:de:c6:e5:4b:f2,-90;,24:de:c6:e5:4b:f1,-90;,24:de:c6:e5:4b:f4,-89;,24:de:c6:e5:4c:00,-87;,24:de:c6:e5:4b:f3,-88;,24:de:c6:e5:4b:f0,-89;,fc:3f:db:e5:15:42,-89;,ec:08:6b:8a:c2:69,-89;,38:10:d5:0c:71:80,-91;,3a:10:d5:0c:71:80,-93;,,80ec3f676e17debf
1498222971205,24:de:c6:e5:4b:f2,-90;,24:de:c6:e5:4b:f1,-90;,24:de:c6:e5:4b:f4,-89;,24:de:c6:e5:4c:00,-87;,24:de:c6:e5:4b:f3,-88;,24:de:c6:e5:4b:f0,-89;,fc:3f:db:e5:15:42,-89;,ec:08:6b:8a:c2:69,-89;,38:10:d5:0c:71:80,-91;,3a:10:d5:0c:71:80,-93;,,80ec3f676e17debf
1498222971440,24:de:c6:e5:4b:f2,-90;,24:de:c6:e5:4b:f1,-90;,24:de:c6:e5:4b:f4,-89;,24:de:c6:e5:4c:00,-87;,24:de:c6:e5:4b:f3,-88;,24:de:c6:e5:4b:f0,-89;,fc:3f:db:e5:15:42,-89;,ec:08:6b:8a:c2:69,-89;,38:10:d5:0c:71:80,-91;,3a:10:d5:0c:71:80,-93;,,80ec3f676e17debf
1498222971750,24:de:c6:e5:4b:f2,-91;,24:de:c6:e5:4b:f1,-89;,24:de:c6:e5:4b:f4,-90;,24:de:c6:e5:4c:00,-86;,24:de:c6:e5:4b:f3,-89;,24:de:c6:e5:4b:f0,-88;,fc:3f:db:e5:15:42,-90;,ec:08:6b:8a:c2:69,-88;,38:10:d5:0c:71:80,-92;,3a:10:d5:0c:71:80,-92;,,80ec3f676e17debf
1498222972044,24:de:c6:e5:4b:f2,-91;,24:de:c6:e5:4b:f1,-89;,24:de:c6:e5:4b:f4,-90;,24:de:c6:e5:4c:00,-86;,24:de:c6:e5:4b:f3,-89;,24:de:c6:e5:4b:f0,-88;,fc:3f:db:e5:15:42,-90;,ec:08:6b:8a:c2:69,-88;,38:10:d5:0c:71:80,-92;,3a:10:d5:0c:71:80,-92;,,80ec3f676e17debf
1498222972410,24:de:c6:e5:4b:f2,-91;,24:de:c6:e5:4b:f1,-89;,24:de:c6:e5:4b:f4,-90;,24:de:c6:e5:4c:00,-86;,24:de:c6:e5:4b:f3,-89;,24:de:c6:e5:4b:f0,-88;,fc:3f:db:e5:15:42,-90;,ec:08:6b:8a:c2:69,-88;,38:10:d5:0c:71:80,-92;,3a:10:d5:0c:71:80,-92;,,80ec3f676e17debf
1498222972635,24:de:c6:e5:4b:f2,-93;,24:de:c6:e5:4b:f1,-88;,24:de:c6:e5:4b:f4,-92;,24:de:c6:e5:4c:00,-85;,24:de:c6:e5:4b:f3,-91;,24:de:c6:e5:4b:f0,-87;,fc:3f:db:e5:15:42,-92;,ec:08:6b:8a:c2:69,-87;,38:10:d5:0c:71:80,-94;,3a:10:d5:0c:71:80,-91;,,80ec3f676e17debf
1498222972979,24:de:c6:e5:4b:f2,-90;,24:de:c6:e5:4b:f1,-90;,24:de:c6:e5:4b:f4,-89;,24:de:c6:e5:4b:f3,-88;,24:de:c6:e5:4b:f0,-89;,ec:08:6b:8a:c2:69,-88;,24:de:c6:e5:4b:e0,-90;,24:de:c6:e5:4b:e1,-90;,24:de:c6:e5:4b:e3,-91;,bc:25:e0:bf:14:8e,-95;,24:de:c6:e5:4b:e2,-89;,24:de:c6:e5:4b:e4,-91;,,80ec3f676e17debf
1498222973257,24:de:c6:e5:4b:f2,-90;,24:de:c6:e5:4b:f1,-90;,24:de:c6:e5:4b:f4,-89;,24:de:c6:e5:4b:f3,-88;,24:de:c6:e5:4b:f0,-89;,ec:08:6b:8a:c2:69,-88;,24:de:c6:e5:4b:e0,-90;,24:de:c6:e5:4b:e1,-90;,24:de:c6:e5:4b:e3,-91;,bc:25:e0:bf:14:8e,-95;,24:de:c6:e5:4b:e2,-89;,24:de:c6:e5:4b:e4,-91;,,80ec3f676e17debf
1498222973546,24:de:c6:e5:4b:f2,-90;,24:de:c6:e5:4b:f1,-90;,24:de:c6:e5:4b:f4,-89;,24:de:c6:e5:4b:f3,-88;,24:de:c6:e5:4b:f0,-89;,ec:08:6b:8a:c2:69,-88;,24:de:c6:e5:4b:e0,-90;,24:de:c6:e5:4b:e1,-90;,24:de:c6:e5:4b:e3,-91;,bc:25:e0:bf:14:8e,-95;,24:de:c6:e5:4b:e2,-89;,24:de:c6:e5:4b:e4,-91;,,80ec3f676e17debf
1498222973839,24:de:c6:e5:4b:f2,-90;,24:de:c6:e5:4b:f1,-90;,24:de:c6:e5:4b:f4,-89;,24:de:c6:e5:4b:f3,-88;,24:de:c6:e5:4b:f0,-89;,ec:08:6b:8a:c2:69,-88;,24:de:c6:e5:4b:e0,-90;,24:de:c6:e5:4b:e1,-90;,24:de:c6:e5:4b:e3,-91;,bc:25:e0:bf:14:8e,-95;,24:de:c6:e5:4b:e2,-89;,24:de:c6:e5:4b:e4,-91;,,80ec3f676e17debf
1498222974165,24:de:c6:e5:4b:f2,-90;,24:de:c6:e5:4b:f1,-90;,24:de:c6:e5:4b:f4,-89;,24:de:c6:e5:4b:f3,-88;,24:de:c6:e5:4b:f0,-89;,ec:08:6b:8a:c2:69,-88;,24:de:c6:e5:4b:e0,-90;,24:de:c6:e5:4b:e1,-90;,24:de:c6:e5:4b:e3,-91;,bc:25:e0:bf:14:8e,-95;,24:de:c6:e5:4b:e2,-89;,24:de:c6:e5:4b:e4,-91;,,80ec3f676e17debf
1498222974508,24:de:c6:e5:4b:f2,-90;,24:de:c6:e5:4b:f1,-90;,24:de:c6:e5:4b:f4,-89;,24:de:c6:e5:4b:f3,-88;,24:de:c6:e5:4b:f0,-89;,ec:08:6b:8a:c2:69,-88;,24:de:c6:e5:4b:e0,-90;,24:de:c6:e5:4b:e1,-90;,24:de:c6:e5:4b:e3,-91;,bc:25:e0:bf:14:8e,-95;,24:de:c6:e5:4b:e2,-89;,24:de:c6:e5:4b:e4,-91;,,80ec3f676e17debf
1498222975493,24:de:c6:e5:4b:f2,-90;,24:de:c6:e5:4b:f1,-90;,24:de:c6:e5:4b:f4,-89;,24:de:c6:e5:4b:f3,-88;,24:de:c6:e5:4b:f0,-89;,ec:08:6b:8a:c2:69,-88;,24:de:c6:e5:4b:e0,-90;,24:de:c6:e5:4b:e1,-90;,24:de:c6:e5:4b:e3,-91;,bc:25:e0:bf:14:8e,-95;,24:de:c6:e5:4b:e2,-89;,24:de:c6:e5:4b:e4,-91;,,80ec3f676e17debf
1498222975645,24:de:c6:e5:4b:f2,-90;,24:de:c6:e5:4b:f1,-90;,24:de:c6:e5:4b:f4,-89;,24:de:c6:e5:4b:f3,-88;,24:de:c6:e5:4b:f0,-89;,ec:08:6b:8a:c2:69,-88;,24:de:c6:e5:4b:e0,-90;,24:de:c6:e5:4b:e1,-90;,24:de:c6:e5:4b:e3,-91;,bc:25:e0:bf:14:8e,-95;,24:de:c6:e5:4b:e2,-89;,24:de:c6:e5:4b:e4,-91;,,80ec3f676e17debf
1498222975940,24:de:c6:e5:4b:f2,-90;,24:de:c6:e5:4b:f1,-90;,24:de:c6:e5:4b:f4,-89;,24:de:c6:e5:4b:f3,-88;,24:de:c6:e5:4b:f0,-89;,ec:08:6b:8a:c2:69,-88;,24:de:c6:e5:4b:e0,-90;,24:de:c6:e5:4b:e1,-90;,24:de:c6:e5:4b:e3,-91;,bc:25:e0:bf:14:8e,-95;,24:de:c6:e5:4b:e2,-89;,24:de:c6:e5:4b:e4,-91;,,80ec3f676e17debf
1498222976241,24:de:c6:e5:4b:f2,-90;,24:de:c6:e5:4b:f1,-90;,24:de:c6:e5:4b:f4,-89;,24:de:c6:e5:4b:f3,-88;,24:de:c6:e5:4b:f0,-89;,ec:08:6b:8a:c2:69,-88;,24:de:c6:e5:4b:e0,-90;,24:de:c6:e5:4b:e1,-90;,24:de:c6:e5:4b:e3,-91;,bc:25:e0:bf:14:8e,-95;,24:de:c6:e5:4b:e2,-89;,24:de:c6:e5:4b:e4,-91;,,80ec3f676e17debf
1498222976594,24:de:c6:e5:4b:f2,-90;,24:de:c6:e5:4b:f1,-90;,24:de:c6:e5:4b:f4,-89;,24:de:c6:e5:4b:f3,-88;,24:de:c6:e5:4b:f0,-89;,ec:08:6b:8a:c2:69,-88;,24:de:c6:e5:4b:e0,-90;,24:de:c6:e5:4b:e1,-90;,24:de:c6:e5:4b:e3,-91;,bc:25:e0:bf:14:8e,-95;,24:de:c6:e5:4b:e2,-89;,24:de:c6:e5:4b:e4,-91;,,80ec3f676e17debf
1498222976833,24:de:c6:e5:4b:f2,-90;,24:de:c6:e5:4b:f1,-90;,24:de:c6:e5:4b:f4,-89;,24:de:c6:e5:4b:f3,-88;,24:de:c6:e5:4b:f0,-89;,ec:08:6b:8a:c2:69,-88;,24:de:c6:e5:4b:e0,-90;,24:de:c6:e5:4b:e1,-90;,24:de:c6:e5:4b:e3,-91;,bc:25:e0:bf:14:8e,-95;,24:de:c6:e5:4b:e2,-89;,24:de:c6:e5:4b:e4,-91;,,80ec3f676e17debf
1498222977163,24:de:c6:e5:4b:f2,-90;,24:de:c6:e5:4b:f1,-90;,24:de:c6:e5:4b:f4,-89;,24:de:c6:e5:4b:f3,-88;,24:de:c6:e5:4b:f0,-89;,ec:08:6b:8a:c2:69,-88;,24:de:c6:e5:4b:e0,-90;,24:de:c6:e5:4b:e1,-90;,24:de:c6:e5:4b:e3,-91;,bc:25:e0:bf:14:8e,-95;,24:de:c6:e5:4b:e2,-89;,24:de:c6:e5:4b:e4,-91;,,80ec3f676e17debf
1498222977508,ec:08:6b:8a:c2:69,-91;,24:de:c6:e5:4b:e0,-90;,24:de:c6:e5:4b:e1,-90;,24:de:c6:e5:4b:e3,-91;,bc:25:e0:bf:14:8e,-95;,24:de:c6:e5:4b:e2,-89;,24:de:c6:e5:4b:e4,-91;,34:31:c4:df:21:46,-95;,,80ec3f676e17debf
1498222977732,ec:08:6b:8a:c2:69,-91;,24:de:c6:e5:4b:e0,-90;,24:de:c6:e5:4b:e1,-90;,24:de:c6:e5:4b:e3,-91;,bc:25:e0:bf:14:8e,-95;,24:de:c6:e5:4b:e2,-89;,24:de:c6:e5:4b:e4,-91;,34:31:c4:df:21:46,-95;,,80ec3f676e17debf
1498222978053,ec:08:6b:8a:c2:69,-91;,24:de:c6:e5:4b:e0,-90;,24:de:c6:e5:4b:e1,-90;,24:de:c6:e5:4b:e3,-91;,bc:25:e0:bf:14:8e,-95;,24:de:c6:e5:4b:e2,-89;,24:de:c6:e5:4b:e4,-91;,34:31:c4:df:21:46,-95;,,80ec3f676e17debf
1498222978338,ec:08:6b:8a:c2:69,-91;,24:de:c6:e5:4b:e0,-90;,24:de:c6:e5:4b:e1,-90;,24:de:c6:e5:4b:e3,-91;,bc:25:e0:bf:14:8e,-95;,24:de:c6:e5:4b:e2,-89;,24:de:c6:e5:4b:e4,-91;,34:31:c4:df:21:46,-95;,,80ec3f676e17debf
1498222978636,ec:08:6b:8a:c2:69,-91;,24:de:c6:e5:4b:e0,-90;,24:de:c6:e5:4b:e1,-90;,24:de:c6:e5:4b:e3,-91;,bc:25:e0:bf:14:8e,-95;,24:de:c6:e5:4b:e2,-89;,24:de:c6:e5:4b:e4,-91;,34:31:c4:df:21:46,-95;,,80ec3f676e17debf
1498222978941,ec:08:6b:8a:c2:69,-91;,24:de:c6:e5:4b:e0,-90;,24:de:c6:e5:4b:e1,-90;,24:de:c6:e5:4b:e3,-91;,bc:25:e0:bf:14:8e,-95;,24:de:c6:e5:4b:e2,-89;,24:de:c6:e5:4b:e4,-91;,34:31:c4:df:21:46,-95;,,80ec3f676e17debf
1498222979236,ec:08:6b:8a:c2:69,-91;,24:de:c6:e5:4b:e0,-90;,24:de:c6:e5:4b:e1,-90;,24:de:c6:e5:4b:e3,-91;,bc:25:e0:bf:14:8e,-95;,24:de:c6:e5:4b:e2,-89;,24:de:c6:e5:4b:e4,-91;,34:31:c4:df:21:46,-95;,,80ec3f676e17debf
1498222979535,ec:08:6b:8a:c2:69,-91;,24:de:c6:e5:4b:e0,-90;,24:de:c6:e5:4b:e1,-90;,24:de:c6:e5:4b:e3,-91;,bc:25:e0:bf:14:8e,-95;,24:de:c6:e5:4b:e2,-89;,24:de:c6:e5:4b:e4,-91;,34:31:c4:df:21:46,-95;,,80ec3f676e17debf
1498222979857,ec:08:6b:8a:c2:69,-91;,24:de:c6:e5:4b:e0,-90;,24:de:c6:e5:4b:e1,-90;,24:de:c6:e5:4b:e3,-91;,bc:25:e0:bf:14:8e,-95;,24:de:c6:e5:4b:e2,-89;,24:de:c6:e5:4b:e4,-91;,34:31:c4:df:21:46,-95;,,80ec3f676e17debf
1498222980142,ec:08:6b:8a:c2:69,-91;,24:de:c6:e5:4b:e0,-90;,24:de:c6:e5:4b:e1,-90;,24:de:c6:e5:4b:e3,-91;,bc:25:e0:bf:14:8e,-95;,24:de:c6:e5:4b:e2,-89;,24:de:c6:e5:4b:e4,-91;,34:31:c4:df:21:46,-95;,,80ec3f676e17debf
1498222980457,ec:08:6b:8a:c2:69,-91;,24:de:c6:e5:4b:e0,-90;,24:de:c6:e5:4b:e1,-90;,24:de:c6:e5:4b:e3,-91;,bc:25:e0:bf:14:8e,-95;,24:de:c6:e5:4b:e2,-89;,24:de:c6:e5:4b:e4,-91;,34:31:c4:df:21:46,-95;,,80ec3f676e17debf
1498222980758,ec:08:6b:8a:c2:69,-91;,24:de:c6:e5:4b:e0,-90;,24:de:c6:e5:4b:e1,-90;,24:de:c6:e5:4b:e3,-91;,bc:25:e0:bf:14:8e,-95;,24:de:c6:e5:4b:e2,-89;,24:de:c6:e5:4b:e4,-91;,34:31:c4:df:21:46,-95;,,80ec3f676e17debf
1498222981035,ec:08:6b:8a:c2:69,-91;,24:de:c6:e5:4b:e0,-90;,24:de:c6:e5:4b:e1,-90;,24:de:c6:e5:4b:e3,-91;,bc:25:e0:bf:14:8e,-95;,24:de:c6:e5:4b:e2,-89;,24:de:c6:e5:4b:e4,-91;,34:31:c4:df:21:46,-95;,,80ec3f676e17debf
1498222981356,ec:08:6b:8a:c2:69,-91;,24:de:c6:e5:4b:e0,-90;,24:de:c6:e5:4b:e1,-90;,24:de:c6:e5:4b:e3,-91;,bc:25:e0:bf:14:8e,-95;,24:de:c6:e5:4b:e2,-89;,24:de:c6:e5:4b:e4,-91;,34:31:c4:df:21:46,-95;,,80ec3f676e17debf
1498222981638,ec:08:6b:8a:c2:69,-91;,24:de:c6:e5:4b:e0,-90;,24:de:c6:e5:4b:e1,-90;,24:de:c6:e5:4b:e3,-91;,bc:25:e0:bf:14:8e,-95;,24:de:c6:e5:4b:e2,-89;,24:de:c6:e5:4b:e4,-91;,34:31:c4:df:21:46,-95;,,80ec3f676e17debf
1498222982238,ec:08:6b:8a:c2:69,-91;,24:de:c6:e5:4b:e0,-90;,24:de:c6:e5:4b:e1,-90;,24:de:c6:e5:4b:e3,-91;,bc:25:e0:bf:14:8e,-95;,24:de:c6:e5:4b:e2,-89;,24:de:c6:e5:4b:e4,-91;,34:31:c4:df:21:46,-95;,,80ec3f676e17debf
1498222982551,ec:08:6b:8a:c2:69,-91;,24:de:c6:e5:4b:e0,-90;,24:de:c6:e5:4b:e1,-90;,24:de:c6:e5:4b:e3,-91;,bc:25:e0:bf:14:8e,-95;,24:de:c6:e5:4b:e2,-89;,24:de:c6:e5:4b:e4,-91;,34:31:c4:df:21:46,-95;,,80ec3f676e17debf
1498222982832,ec:08:6b:8a:c2:69,-91;,24:de:c6:e5:4b:e0,-90;,24:de:c6:e5:4b:e1,-90;,24:de:c6:e5:4b:e3,-91;,bc:25:e0:bf:14:8e,-95;,24:de:c6:e5:4b:e2,-89;,24:de:c6:e5:4b:e4,-91;,34:31:c4:df:21:46,-95;,,80ec3f676e17debf
1498222983188,ec:08:6b:8a:c2:69,-91;,24:de:c6:e5:4b:e0,-90;,24:de:c6:e5:4b:e1,-90;,24:de:c6:e5:4b:e3,-91;,bc:25:e0:bf:14:8e,-95;,24:de:c6:e5:4b:e2,-89;,24:de:c6:e5:4b:e4,-91;,34:31:c4:df:21:46,-95;,,80ec3f676e17debf
1498222983446,ec:08:6b:8a:c2:69,-91;,24:de:c6:e5:4b:e0,-90;,24:de:c6:e5:4b:e1,-90;,24:de:c6:e5:4b:e3,-91;,bc:25:e0:bf:14:8e,-95;,24:de:c6:e5:4b:e2,-89;,24:de:c6:e5:4b:e4,-91;,34:31:c4:df:21:46,-95;,,80ec3f676e17debf
1498222983737,ec:08:6b:8a:c2:69,-91;,24:de:c6:e5:4b:e0,-90;,24:de:c6:e5:4b:e1,-90;,24:de:c6:e5:4b:e3,-91;,bc:25:e0:bf:14:8e,-95;,24:de:c6:e5:4b:e2,-89;,24:de:c6:e5:4b:e4,-91;,34:31:c4:df:21:46,-95;,,80ec3f676e17debf
1498222984064,ec:08:6b:8a:c2:69,-91;,24:de:c6:e5:4b:e0,-90;,24:de:c6:e5:4b:e1,-90;,24:de:c6:e5:4b:e3,-91;,bc:25:e0:bf:14:8e,-95;,24:de:c6:e5:4b:e2,-89;,24:de:c6:e5:4b:e4,-91;,34:31:c4:df:21:46,-95;,,80ec3f676e17debf
1498222984358,ec:08:6b:8a:c2:69,-91;,24:de:c6:e5:4b:e0,-90;,24:de:c6:e5:4b:e1,-90;,24:de:c6:e5:4b:e3,-91;,bc:25:e0:bf:14:8e,-95;,24:de:c6:e5:4b:e2,-89;,24:de:c6:e5:4b:e4,-91;,34:31:c4:df:21:46,-95;,,80ec3f676e17debf
1498222984713,ec:08:6b:8a:c2:69,-91;,24:de:c6:e5:4b:e0,-91;,24:de:c6:e5:4b:e1,-90;,24:de:c6:e5:4b:e3,-88;,24:de:c6:e5:4b:e2,-88;,24:de:c6:e5:4b:e4,-89;,,80ec3f676e17debf
1498222984954,ec:08:6b:8a:c2:69,-91;,24:de:c6:e5:4b:e0,-91;,24:de:c6:e5:4b:e1,-90;,24:de:c6:e5:4b:e3,-88;,24:de:c6:e5:4b:e2,-88;,24:de:c6:e5:4b:e4,-89;,,80ec3f676e17debf
1498222985248,ec:08:6b:8a:c2:69,-91;,24:de:c6:e5:4b:e0,-91;,24:de:c6:e5:4b:e1,-90;,24:de:c6:e5:4b:e3,-88;,24:de:c6:e5:4b:e2,-88;,24:de:c6:e5:4b:e4,-89;,,80ec3f676e17debf
1498222985532,ec:08:6b:8a:c2:69,-91;,24:de:c6:e5:4b:e0,-91;,24:de:c6:e5:4b:e1,-90;,24:de:c6:e5:4b:e3,-88;,24:de:c6:e5:4b:e2,-88;,24:de:c6:e5:4b:e4,-89;,,80ec3f676e17debf
1498222985844,ec:08:6b:8a:c2:69,-91;,24:de:c6:e5:4b:e0,-91;,24:de:c6:e5:4b:e1,-90;,24:de:c6:e5:4b:e3,-88;,24:de:c6:e5:4b:e2,-88;,24:de:c6:e5:4b:e4,-89;,,80ec3f676e17debf
1498222986134,ec:08:6b:8a:c2:69,-91;,24:de:c6:e5:4b:e0,-91;,24:de:c6:e5:4b:e1,-90;,24:de:c6:e5:4b:e3,-88;,24:de:c6:e5:4b:e2,-88;,24:de:c6:e5:4b:e4,-89;,,80ec3f676e17debf
1498222986439,ec:08:6b:8a:c2:69,-91;,24:de:c6:e5:4b:e0,-91;,24:de:c6:e5:4b:e1,-90;,24:de:c6:e5:4b:e3,-88;,24:de:c6:e5:4b:e2,-88;,24:de:c6:e5:4b:e4,-89;,,80ec3f676e17debf
1498222986739,ec:08:6b:8a:c2:69,-91;,24:de:c6:e5:4b:e0,-91;,24:de:c6:e5:4b:e1,-90;,24:de:c6:e5:4b:e3,-88;,24:de:c6:e5:4b:e2,-88;,24:de:c6:e5:4b:e4,-89;,,80ec3f676e17debf
1498222987042,ec:08:6b:8a:c2:69,-91;,24:de:c6:e5:4b:e0,-91;,24:de:c6:e5:4b:e1,-90;,24:de:c6:e5:4b:e3,-88;,24:de:c6:e5:4b:e2,-88;,24:de:c6:e5:4b:e4,-89;,,80ec3f676e17debf
1498222987335,ec:08:6b:8a:c2:69,-91;,24:de:c6:e5:4b:e0,-91;,24:de:c6:e5:4b:e1,-90;,24:de:c6:e5:4b:e3,-88;,24:de:c6:e5:4b:e2,-88;,24:de:c6:e5:4b:e4,-89;,,80ec3f676e17debf
1498222987671,ec:08:6b:8a:c2:69,-91;,24:de:c6:e5:4b:e0,-91;,24:de:c6:e5:4b:e1,-90;,24:de:c6:e5:4b:e3,-88;,24:de:c6:e5:4b:e2,-88;,24:de:c6:e5:4b:e4,-89;,,80ec3f676e17debf
1498222987928,ec:08:6b:8a:c2:69,-91;,24:de:c6:e5:4b:e0,-91;,24:de:c6:e5:4b:e1,-90;,24:de:c6:e5:4b:e3,-88;,24:de:c6:e5:4b:e2,-88;,24:de:c6:e5:4b:e4,-89;,,80ec3f676e17debf
1498222988248,ec:08:6b:8a:c2:69,-91;,24:de:c6:e5:4b:e0,-91;,24:de:c6:e5:4b:e1,-90;,24:de:c6:e5:4b:e3,-88;,24:de:c6:e5:4b:e2,-88;,24:de:c6:e5:4b:e4,-89;,,80ec3f676e17debf
1498222988537,ec:08:6b:8a:c2:69,-91;,24:de:c6:e5:4b:e0,-91;,24:de:c6:e5:4b:e1,-90;,24:de:c6:e5:4b:e3,-88;,24:de:c6:e5:4b:e2,-88;,24:de:c6:e5:4b:e4,-89;,,80ec3f676e17debf
1498222988845,ec:08:6b:8a:c2:69,-91;,24:de:c6:e5:4b:e0,-91;,24:de:c6:e5:4b:e1,-90;,24:de:c6:e5:4b:e3,-88;,24:de:c6:e5:4b:e2,-88;,24:de:c6:e5:4b:e4,-89;,,80ec3f676e17debf
1498222989143,ec:08:6b:8a:c2:69,-91;,24:de:c6:e5:4b:e0,-91;,24:de:c6:e5:4b:e1,-90;,24:de:c6:e5:4b:e3,-88;,24:de:c6:e5:4b:e2,-88;,24:de:c6:e5:4b:e4,-89;,,80ec3f676e17debf
1498222989450,ec:08:6b:8a:c2:69,-91;,24:de:c6:e5:4b:e0,-91;,24:de:c6:e5:4b:e1,-90;,24:de:c6:e5:4b:e3,-88;,24:de:c6:e5:4b:e2,-88;,24:de:c6:e5:4b:e4,-89;,,80ec3f676e17debf
1498222989746,ec:08:6b:8a:c2:69,-91;,24:de:c6:e5:4b:e0,-91;,24:de:c6:e5:4b:e1,-90;,24:de:c6:e5:4b:e3,-88;,24:de:c6:e5:4b:e2,-88;,24:de:c6:e5:4b:e4,-89;,,80ec3f676e17debf
1498222990039,ec:08:6b:8a:c2:69,-91;,24:de:c6:e5:4b:e0,-91;,24:de:c6:e5:4b:e1,-90;,24:de:c6:e5:4b:e3,-88;,24:de:c6:e5:4b:e2,-88;,24:de:c6:e5:4b:e4,-89;,,80ec3f676e17debf
1498222990363,ec:08:6b:8a:c2:69,-91;,24:de:c6:e5:4b:e0,-91;,24:de:c6:e5:4b:e1,-90;,24:de:c6:e5:4b:e3,-88;,24:de:c6:e5:4b:e2,-88;,24:de:c6:e5:4b:e4,-89;,,80ec3f676e17debf
1498222990660,ec:08:6b:8a:c2:69,-91;,24:de:c6:e5:4b:e0,-91;,24:de:c6:e5:4b:e1,-90;,24:de:c6:e5:4b:e3,-88;,24:de:c6:e5:4b:e2,-88;,24:de:c6:e5:4b:e4,-89;,,80ec3f676e17debf
1498222990934,ec:08:6b:8a:c2:69,-91;,24:de:c6:e5:4b:e0,-91;,24:de:c6:e5:4b:e1,-90;,24:de:c6:e5:4b:e3,-88;,24:de:c6:e5:4b:e2,-88;,24:de:c6:e5:4b:e4,-89;,,80ec3f676e17debf
1498222991236,ec:08:6b:8a:c2:69,-91;,24:de:c6:e5:4b:e0,-91;,24:de:c6:e5:4b:e1,-90;,24:de:c6:e5:4b:e3,-88;,24:de:c6:e5:4b:e2,-88;,24:de:c6:e5:4b:e4,-89;,,80ec3f676e17debf
1498222991536,ec:08:6b:8a:c2:69,-91;,24:de:c6:e5:4b:e0,-91;,24:de:c6:e5:4b:e1,-90;,24:de:c6:e5:4b:e3,-88;,24:de:c6:e5:4b:e2,-88;,24:de:c6:e5:4b:e4,-89;,,80ec3f676e17debf
1498222992357,ec:08:6b:8a:c2:69,-91;,24:de:c6:e5:4b:e0,-91;,24:de:c6:e5:4b:e1,-90;,24:de:c6:e5:4b:e3,-88;,24:de:c6:e5:4b:e2,-88;,24:de:c6:e5:4b:e4,-89;,,80ec3f676e17debf
1498222992446,ec:08:6b:8a:c2:69,-91;,24:de:c6:e5:4b:e0,-91;,24:de:c6:e5:4b:e1,-90;,24:de:c6:e5:4b:e3,-88;,24:de:c6:e5:4b:e2,-88;,24:de:c6:e5:4b:e4,-89;,,80ec3f676e17debf
1498222992741,ec:08:6b:8a:c2:69,-91;,24:de:c6:e5:4b:e0,-91;,24:de:c6:e5:4b:e1,-90;,24:de:c6:e5:4b:e3,-88;,24:de:c6:e5:4b:e2,-88;,24:de:c6:e5:4b:e4,-89;,,80ec3f676e17debf
1498222993050,ec:08:6b:8a:c2:69,-91;,24:de:c6:e5:4b:e0,-91;,24:de:c6:e5:4b:e1,-90;,24:de:c6:e5:4b:e3,-88;,24:de:c6:e5:4b:e2,-88;,24:de:c6:e5:4b:e4,-89;,,80ec3f676e17debf
1498222993335,ec:08:6b:8a:c2:69,-91;,24:de:c6:e5:4b:e0,-91;,24:de:c6:e5:4b:e1,-90;,24:de:c6:e5:4b:e3,-88;,24:de:c6:e5:4b:e2,-88;,24:de:c6:e5:4b:e4,-89;,,80ec3f676e17debf
1498222993669,ec:08:6b:8a:c2:69,-91;,24:de:c6:e5:4b:e0,-91;,24:de:c6:e5:4b:e1,-90;,24:de:c6:e5:4b:e3,-88;,24:de:c6:e5:4b:e2,-88;,24:de:c6:e5:4b:e4,-89;,,80ec3f676e17debf
1498222994531,ec:08:6b:8a:c2:69,-91;,24:de:c6:e5:4b:e0,-91;,24:de:c6:e5:4b:e1,-90;,24:de:c6:e5:4b:e3,-88;,24:de:c6:e5:4b:e2,-88;,24:de:c6:e5:4b:e4,-89;,,80ec3f676e17debf
1498222994839,ec:08:6b:8a:c2:69,-91;,24:de:c6:e5:4b:e0,-91;,24:de:c6:e5:4b:e1,-90;,24:de:c6:e5:4b:e3,-88;,24:de:c6:e5:4b:e2,-88;,24:de:c6:e5:4b:e4,-89;,,80ec3f676e17debf
1498222995139,ec:08:6b:8a:c2:69,-91;,24:de:c6:e5:4b:e0,-91;,24:de:c6:e5:4b:e1,-90;,24:de:c6:e5:4b:e3,-88;,24:de:c6:e5:4b:e2,-88;,24:de:c6:e5:4b:e4,-89;,,80ec3f676e17debf
1498222995435,ec:08:6b:8a:c2:69,-91;,24:de:c6:e5:4b:e0,-91;,24:de:c6:e5:4b:e1,-90;,24:de:c6:e5:4b:e3,-88;,24:de:c6:e5:4b:e2,-88;,24:de:c6:e5:4b:e4,-89;,,80ec3f676e17debf
1498222995742,ec:08:6b:8a:c2:69,-91;,24:de:c6:e5:4b:e0,-91;,24:de:c6:e5:4b:e1,-90;,24:de:c6:e5:4b:e3,-88;,24:de:c6:e5:4b:e2,-88;,24:de:c6:e5:4b:e4,-89;,,80ec3f676e17debf
1498222996040,ec:08:6b:8a:c2:69,-91;,24:de:c6:e5:4b:e0,-91;,24:de:c6:e5:4b:e1,-90;,24:de:c6:e5:4b:e3,-88;,24:de:c6:e5:4b:e2,-88;,24:de:c6:e5:4b:e4,-89;,,80ec3f676e17debf
1498222996338,ec:08:6b:8a:c2:69,-91;,24:de:c6:e5:4b:e0,-91;,24:de:c6:e5:4b:e1,-90;,24:de:c6:e5:4b:e3,-88;,24:de:c6:e5:4b:e2,-88;,24:de:c6:e5:4b:e4,-89;,,80ec3f676e17debf
1498222996659,ec:08:6b:8a:c2:69,-91;,24:de:c6:e5:4b:e0,-91;,24:de:c6:e5:4b:e1,-90;,24:de:c6:e5:4b:e3,-88;,24:de:c6:e5:4b:e2,-88;,24:de:c6:e5:4b:e4,-89;,,80ec3f676e17debf
1498222996933,ec:08:6b:8a:c2:69,-91;,24:de:c6:e5:4b:e0,-91;,24:de:c6:e5:4b:e1,-90;,24:de:c6:e5:4b:e3,-88;,24:de:c6:e5:4b:e2,-88;,24:de:c6:e5:4b:e4,-89;,,80ec3f676e17debf
1498222997242,ec:08:6b:8a:c2:69,-91;,24:de:c6:e5:4b:e0,-91;,24:de:c6:e5:4b:e1,-90;,24:de:c6:e5:4b:e3,-88;,24:de:c6:e5:4b:e2,-88;,24:de:c6:e5:4b:e4,-89;,,80ec3f676e17debf
1498222997535,ec:08:6b:8a:c2:69,-91;,24:de:c6:e5:4b:e0,-91;,24:de:c6:e5:4b:e1,-90;,24:de:c6:e5:4b:e3,-88;,24:de:c6:e5:4b:e2,-88;,24:de:c6:e5:4b:e4,-89;,,80ec3f676e17debf
1498222998391,ec:08:6b:8a:c2:69,-91;,24:de:c6:e5:4b:e0,-91;,24:de:c6:e5:4b:e1,-90;,24:de:c6:e5:4b:e3,-88;,24:de:c6:e5:4b:e2,-88;,24:de:c6:e5:4b:e4,-89;,,80ec3f676e17debf
1498222998456,ec:08:6b:8a:c2:69,-91;,24:de:c6:e5:4b:e0,-91;,24:de:c6:e5:4b:e1,-90;,24:de:c6:e5:4b:e3,-88;,24:de:c6:e5:4b:e2,-88;,24:de:c6:e5:4b:e4,-89;,,80ec3f676e17debf
1498222998737,ec:08:6b:8a:c2:69,-91;,24:de:c6:e5:4b:e0,-91;,24:de:c6:e5:4b:e1,-90;,24:de:c6:e5:4b:e3,-88;,24:de:c6:e5:4b:e2,-88;,24:de:c6:e5:4b:e4,-89;,,80ec3f676e17debf
1498222999041,ec:08:6b:8a:c2:69,-91;,24:de:c6:e5:4b:e0,-91;,24:de:c6:e5:4b:e1,-90;,24:de:c6:e5:4b:e3,-88;,24:de:c6:e5:4b:e2,-88;,24:de:c6:e5:4b:e4,-89;,,80ec3f676e17debf
1498222999336,ec:08:6b:8a:c2:69,-91;,24:de:c6:e5:4b:e0,-91;,24:de:c6:e5:4b:e1,-90;,24:de:c6:e5:4b:e3,-88;,24:de:c6:e5:4b:e2,-88;,24:de:c6:e5:4b:e4,-89;,,80ec3f676e17debf
1498222999641,ec:08:6b:8a:c2:69,-91;,24:de:c6:e5:4b:e0,-91;,24:de:c6:e5:4b:e1,-90;,24:de:c6:e5:4b:e3,-88;,24:de:c6:e5:4b:e2,-88;,24:de:c6:e5:4b:e4,-89;,,80ec3f676e17debf
1498223000462,ec:08:6b:8a:c2:69,-91;,24:de:c6:e5:4b:e0,-91;,24:de:c6:e5:4b:e1,-90;,24:de:c6:e5:4b:e3,-88;,24:de:c6:e5:4b:e2,-88;,24:de:c6:e5:4b:e4,-89;,,80ec3f676e17debf
1498223000548,ec:08:6b:8a:c2:69,-91;,24:de:c6:e5:4b:e0,-91;,24:de:c6:e5:4b:e1,-90;,24:de:c6:e5:4b:e3,-88;,24:de:c6:e5:4b:e2,-88;,24:de:c6:e5:4b:e4,-89;,,80ec3f676e17debf
1498223000853,ec:08:6b:8a:c2:69,-91;,24:de:c6:e5:4b:e0,-91;,24:de:c6:e5:4b:e1,-90;,24:de:c6:e5:4b:e3,-88;,24:de:c6:e5:4b:e2,-88;,24:de:c6:e5:4b:e4,-89;,,80ec3f676e17debf
1498223001126,ec:08:6b:8a:c2:69,-91;,24:de:c6:e5:4b:e0,-91;,24:de:c6:e5:4b:e1,-90;,24:de:c6:e5:4b:e3,-88;,24:de:c6:e5:4b:e2,-88;,24:de:c6:e5:4b:e4,-89;,,80ec3f676e17debf
1498223001439,ec:08:6b:8a:c2:69,-91;,24:de:c6:e5:4b:e0,-91;,24:de:c6:e5:4b:e1,-90;,24:de:c6:e5:4b:e3,-88;,24:de:c6:e5:4b:e2,-88;,24:de:c6:e5:4b:e4,-89;,,80ec3f676e17debf
1498223001740,ec:08:6b:8a:c2:69,-91;,24:de:c6:e5:4b:e0,-91;,24:de:c6:e5:4b:e1,-90;,24:de:c6:e5:4b:e3,-88;,24:de:c6:e5:4b:e2,-88;,24:de:c6:e5:4b:e4,-89;,,80ec3f676e17debf
1498223002040,ec:08:6b:8a:c2:69,-91;,24:de:c6:e5:4b:e0,-91;,24:de:c6:e5:4b:e1,-90;,24:de:c6:e5:4b:e3,-88;,24:de:c6:e5:4b:e2,-88;,24:de:c6:e5:4b:e4,-89;,,80ec3f676e17debf
1498223002354,ec:08:6b:8a:c2:69,-91;,24:de:c6:e5:4b:e0,-91;,24:de:c6:e5:4b:e1,-90;,24:de:c6:e5:4b:e3,-88;,24:de:c6:e5:4b:e2,-88;,24:de:c6:e5:4b:e4,-89;,,80ec3f676e17debf
1498223002649,24:de:c6:e5:4c:14,-74;,24:de:c6:e5:4c:11,-74;,24:de:c6:e5:4c:12,-74;,24:de:c6:e5:4c:03,-78;,24:de:c6:e5:4c:00,-78;,24:de:c6:e5:4c:01,-78;,24:de:c6:e5:4b:f1,-85;,24:de:c6:e5:4b:f4,-85;,24:de:c6:e5:4b:f2,-85;,fc:3f:db:e5:15:42,-92;,24:de:c6:e5:4c:10,-73;,24:de:c6:e5:4c:13,-74;,24:de:c6:e5:4c:04,-78;,24:de:c6:e5:4c:02,-78;,24:de:c6:e5:4b:f0,-84;,24:de:c6:e5:4b:f3,-84;,,80ec3f676e17debf
1498223002941,24:de:c6:e5:4c:14,-74;,24:de:c6:e5:4c:11,-74;,24:de:c6:e5:4c:12,-74;,24:de:c6:e5:4c:03,-78;,24:de:c6:e5:4c:00,-78;,24:de:c6:e5:4c:01,-78;,24:de:c6:e5:4b:f1,-85;,24:de:c6:e5:4b:f4,-85;,24:de:c6:e5:4b:f2,-85;,fc:3f:db:e5:15:42,-92;,24:de:c6:e5:4c:10,-73;,24:de:c6:e5:4c:13,-74;,24:de:c6:e5:4c:04,-78;,24:de:c6:e5:4c:02,-78;,24:de:c6:e5:4b:f0,-84;,24:de:c6:e5:4b:f3,-84;,,80ec3f676e17debf
1498223003245,24:de:c6:e5:4c:14,-74;,24:de:c6:e5:4c:11,-74;,24:de:c6:e5:4c:12,-74;,24:de:c6:e5:4c:03,-78;,24:de:c6:e5:4c:00,-78;,24:de:c6:e5:4c:01,-78;,24:de:c6:e5:4b:f1,-85;,24:de:c6:e5:4b:f4,-85;,24:de:c6:e5:4b:f2,-85;,fc:3f:db:e5:15:42,-92;,24:de:c6:e5:4c:10,-73;,24:de:c6:e5:4c:13,-74;,24:de:c6:e5:4c:04,-78;,24:de:c6:e5:4c:02,-78;,24:de:c6:e5:4b:f0,-84;,24:de:c6:e5:4b:f3,-84;,,80ec3f676e17debf
1498223003536,24:de:c6:e5:4c:14,-74;,24:de:c6:e5:4c:11,-74;,24:de:c6:e5:4c:12,-74;,24:de:c6:e5:4c:03,-78;,24:de:c6:e5:4c:00,-78;,24:de:c6:e5:4c:01,-78;,24:de:c6:e5:4b:f1,-85;,24:de:c6:e5:4b:f4,-85;,24:de:c6:e5:4b:f2,-85;,fc:3f:db:e5:15:42,-92;,24:de:c6:e5:4c:10,-73;,24:de:c6:e5:4c:13,-74;,24:de:c6:e5:4c:04,-78;,24:de:c6:e5:4c:02,-78;,24:de:c6:e5:4b:f0,-84;,24:de:c6:e5:4b:f3,-84;,,80ec3f676e17debf
1498223003855,24:de:c6:e5:4c:14,-74;,24:de:c6:e5:4c:11,-74;,24:de:c6:e5:4c:12,-74;,24:de:c6:e5:4c:03,-78;,24:de:c6:e5:4c:00,-78;,24:de:c6:e5:4c:01,-78;,24:de:c6:e5:4b:f1,-85;,24:de:c6:e5:4b:f4,-85;,24:de:c6:e5:4b:f2,-85;,fc:3f:db:e5:15:42,-92;,24:de:c6:e5:4c:10,-73;,24:de:c6:e5:4c:13,-74;,24:de:c6:e5:4c:04,-78;,24:de:c6:e5:4c:02,-78;,24:de:c6:e5:4b:f0,-84;,24:de:c6:e5:4b:f3,-84;,,80ec3f676e17debf
1498223004267,24:de:c6:e5:4c:14,-74;,24:de:c6:e5:4c:11,-74;,24:de:c6:e5:4c:12,-74;,24:de:c6:e5:4c:03,-78;,24:de:c6:e5:4c:00,-78;,24:de:c6:e5:4c:01,-78;,24:de:c6:e5:4b:f1,-85;,24:de:c6:e5:4b:f4,-85;,24:de:c6:e5:4b:f2,-85;,fc:3f:db:e5:15:42,-92;,24:de:c6:e5:4c:10,-73;,24:de:c6:e5:4c:13,-74;,24:de:c6:e5:4c:04,-78;,24:de:c6:e5:4c:02,-78;,24:de:c6:e5:4b:f0,-84;,24:de:c6:e5:4b:f3,-84;,,80ec3f676e17debf
1498223004627,24:de:c6:e5:4c:14,-74;,24:de:c6:e5:4c:11,-74;,24:de:c6:e5:4c:12,-74;,24:de:c6:e5:4c:03,-78;,24:de:c6:e5:4c:00,-78;,24:de:c6:e5:4c:01,-78;,24:de:c6:e5:4b:f1,-85;,24:de:c6:e5:4b:f4,-85;,24:de:c6:e5:4b:f2,-85;,fc:3f:db:e5:15:42,-92;,24:de:c6:e5:4c:10,-73;,24:de:c6:e5:4c:13,-74;,24:de:c6:e5:4c:04,-78;,24:de:c6:e5:4c:02,-78;,24:de:c6:e5:4b:f0,-84;,24:de:c6:e5:4b:f3,-84;,,80ec3f676e17debf
1498223006148,24:de:c6:e5:4c:14,-74;,24:de:c6:e5:4c:11,-74;,24:de:c6:e5:4c:12,-74;,24:de:c6:e5:4c:03,-78;,24:de:c6:e5:4c:00,-78;,24:de:c6:e5:4c:01,-78;,24:de:c6:e5:4b:f1,-85;,24:de:c6:e5:4b:f4,-85;,24:de:c6:e5:4b:f2,-85;,fc:3f:db:e5:15:42,-92;,24:de:c6:e5:4c:10,-73;,24:de:c6:e5:4c:13,-74;,24:de:c6:e5:4c:04,-78;,24:de:c6:e5:4c:02,-78;,24:de:c6:e5:4b:f0,-84;,24:de:c6:e5:4b:f3,-84;,,80ec3f676e17debf
1498223006271,24:de:c6:e5:4c:14,-74;,24:de:c6:e5:4c:11,-74;,24:de:c6:e5:4c:12,-74;,24:de:c6:e5:4c:03,-78;,24:de:c6:e5:4c:00,-78;,24:de:c6:e5:4c:01,-78;,24:de:c6:e5:4b:f1,-85;,24:de:c6:e5:4b:f4,-85;,24:de:c6:e5:4b:f2,-85;,fc:3f:db:e5:15:42,-92;,24:de:c6:e5:4c:10,-73;,24:de:c6:e5:4c:13,-74;,24:de:c6:e5:4c:04,-78;,24:de:c6:e5:4c:02,-78;,24:de:c6:e5:4b:f0,-84;,24:de:c6:e5:4b:f3,-84;,,80ec3f676e17debf
1498223006548,24:de:c6:e5:4c:14,-74;,24:de:c6:e5:4c:11,-74;,24:de:c6:e5:4c:12,-74;,24:de:c6:e5:4c:03,-78;,24:de:c6:e5:4c:00,-78;,24:de:c6:e5:4c:01,-78;,24:de:c6:e5:4b:f1,-85;,24:de:c6:e5:4b:f4,-85;,24:de:c6:e5:4b:f2,-85;,fc:3f:db:e5:15:42,-92;,24:de:c6:e5:4c:10,-73;,24:de:c6:e5:4c:13,-74;,24:de:c6:e5:4c:04,-78;,24:de:c6:e5:4c:02,-78;,24:de:c6:e5:4b:f0,-84;,24:de:c6:e5:4b:f3,-84;,,80ec3f676e17debf
1498223006841,24:de:c6:e5:4c:14,-74;,24:de:c6:e5:4c:11,-74;,24:de:c6:e5:4c:12,-74;,24:de:c6:e5:4c:03,-78;,24:de:c6:e5:4c:00,-78;,24:de:c6:e5:4c:01,-78;,24:de:c6:e5:4b:f1,-85;,24:de:c6:e5:4b:f4,-85;,24:de:c6:e5:4b:f2,-85;,fc:3f:db:e5:15:42,-92;,24:de:c6:e5:4c:10,-73;,24:de:c6:e5:4c:13,-74;,24:de:c6:e5:4c:04,-78;,24:de:c6:e5:4c:02,-78;,24:de:c6:e5:4b:f0,-84;,24:de:c6:e5:4b:f3,-84;,,80ec3f676e17debf
1498223007142,24:de:c6:e5:4c:14,-74;,24:de:c6:e5:4c:11,-74;,24:de:c6:e5:4c:12,-74;,24:de:c6:e5:4c:03,-78;,24:de:c6:e5:4c:00,-78;,24:de:c6:e5:4c:01,-78;,24:de:c6:e5:4b:f1,-85;,24:de:c6:e5:4b:f4,-85;,24:de:c6:e5:4b:f2,-85;,fc:3f:db:e5:15:42,-92;,24:de:c6:e5:4c:10,-73;,24:de:c6:e5:4c:13,-74;,24:de:c6:e5:4c:04,-78;,24:de:c6:e5:4c:02,-78;,24:de:c6:e5:4b:f0,-84;,24:de:c6:e5:4b:f3,-84;,,80ec3f676e17debf
1498223007471,24:de:c6:e5:4c:14,-74;,24:de:c6:e5:4c:11,-74;,24:de:c6:e5:4c:12,-74;,24:de:c6:e5:4c:03,-78;,24:de:c6:e5:4c:00,-78;,24:de:c6:e5:4c:01,-78;,24:de:c6:e5:4b:f1,-85;,24:de:c6:e5:4b:f4,-85;,24:de:c6:e5:4b:f2,-85;,fc:3f:db:e5:15:42,-92;,24:de:c6:e5:4c:10,-73;,24:de:c6:e5:4c:13,-74;,24:de:c6:e5:4c:04,-78;,24:de:c6:e5:4c:02,-78;,24:de:c6:e5:4b:f0,-84;,24:de:c6:e5:4b:f3,-84;,,80ec3f676e17debf
1498223007742,24:de:c6:e5:4c:14,-74;,24:de:c6:e5:4c:11,-74;,24:de:c6:e5:4c:12,-74;,24:de:c6:e5:4c:03,-78;,24:de:c6:e5:4c:00,-78;,24:de:c6:e5:4c:01,-78;,24:de:c6:e5:4b:f1,-85;,24:de:c6:e5:4b:f4,-85;,24:de:c6:e5:4b:f2,-85;,fc:3f:db:e5:15:42,-92;,24:de:c6:e5:4c:10,-73;,24:de:c6:e5:4c:13,-74;,24:de:c6:e5:4c:04,-78;,24:de:c6:e5:4c:02,-78;,24:de:c6:e5:4b:f0,-84;,24:de:c6:e5:4b:f3,-84;,,80ec3f676e17debf
1498223008227,24:de:c6:e5:4c:14,-74;,24:de:c6:e5:4c:11,-74;,24:de:c6:e5:4c:12,-74;,24:de:c6:e5:4c:03,-78;,24:de:c6:e5:4c:00,-78;,24:de:c6:e5:4c:01,-78;,24:de:c6:e5:4b:f1,-85;,24:de:c6:e5:4b:f4,-85;,24:de:c6:e5:4b:f2,-85;,fc:3f:db:e5:15:42,-92;,24:de:c6:e5:4c:10,-73;,24:de:c6:e5:4c:13,-74;,24:de:c6:e5:4c:04,-78;,24:de:c6:e5:4c:02,-78;,24:de:c6:e5:4b:f0,-84;,24:de:c6:e5:4b:f3,-84;,,80ec3f676e17debf
1498223008338,24:de:c6:e5:4c:14,-74;,24:de:c6:e5:4c:11,-74;,24:de:c6:e5:4c:12,-74;,24:de:c6:e5:4c:03,-78;,24:de:c6:e5:4c:00,-78;,24:de:c6:e5:4c:01,-78;,24:de:c6:e5:4b:f1,-85;,24:de:c6:e5:4b:f4,-85;,24:de:c6:e5:4b:f2,-85;,fc:3f:db:e5:15:42,-92;,24:de:c6:e5:4c:10,-73;,24:de:c6:e5:4c:13,-74;,24:de:c6:e5:4c:04,-78;,24:de:c6:e5:4c:02,-78;,24:de:c6:e5:4b:f0,-84;,24:de:c6:e5:4b:f3,-84;,,80ec3f676e17debf
1498223008642,24:de:c6:e5:4c:14,-74;,24:de:c6:e5:4c:11,-74;,24:de:c6:e5:4c:12,-74;,24:de:c6:e5:4c:03,-78;,24:de:c6:e5:4c:00,-78;,24:de:c6:e5:4c:01,-78;,24:de:c6:e5:4b:f1,-85;,24:de:c6:e5:4b:f4,-85;,24:de:c6:e5:4b:f2,-85;,fc:3f:db:e5:15:42,-92;,24:de:c6:e5:4c:10,-73;,24:de:c6:e5:4c:13,-74;,24:de:c6:e5:4c:04,-78;,24:de:c6:e5:4c:02,-78;,24:de:c6:e5:4b:f0,-84;,24:de:c6:e5:4b:f3,-84;,,80ec3f676e17debf
1498223008979,24:de:c6:e5:4c:14,-74;,24:de:c6:e5:4c:11,-74;,24:de:c6:e5:4c:12,-74;,24:de:c6:e5:4c:03,-78;,24:de:c6:e5:4c:00,-78;,24:de:c6:e5:4c:01,-78;,24:de:c6:e5:4b:f1,-85;,24:de:c6:e5:4b:f4,-85;,24:de:c6:e5:4b:f2,-85;,fc:3f:db:e5:15:42,-92;,24:de:c6:e5:4c:10,-73;,24:de:c6:e5:4c:13,-74;,24:de:c6:e5:4c:04,-78;,24:de:c6:e5:4c:02,-78;,24:de:c6:e5:4b:f0,-84;,24:de:c6:e5:4b:f3,-84;,,80ec3f676e17debf
1498223009254,24:de:c6:e5:4c:14,-74;,24:de:c6:e5:4c:11,-74;,24:de:c6:e5:4c:12,-74;,24:de:c6:e5:4c:03,-78;,24:de:c6:e5:4c:00,-78;,24:de:c6:e5:4c:01,-78;,24:de:c6:e5:4b:f1,-85;,24:de:c6:e5:4b:f4,-85;,24:de:c6:e5:4b:f2,-85;,fc:3f:db:e5:15:42,-92;,24:de:c6:e5:4c:10,-73;,24:de:c6:e5:4c:13,-74;,24:de:c6:e5:4c:04,-78;,24:de:c6:e5:4c:02,-78;,24:de:c6:e5:4b:f0,-84;,24:de:c6:e5:4b:f3,-84;,,80ec3f676e17debf
1498223010320,24:de:c6:e5:4c:14,-74;,24:de:c6:e5:4c:11,-74;,24:de:c6:e5:4c:12,-74;,24:de:c6:e5:4c:03,-78;,24:de:c6:e5:4c:00,-78;,24:de:c6:e5:4c:01,-78;,24:de:c6:e5:4b:f1,-85;,24:de:c6:e5:4b:f4,-85;,24:de:c6:e5:4b:f2,-85;,fc:3f:db:e5:15:42,-92;,24:de:c6:e5:4c:10,-73;,24:de:c6:e5:4c:13,-74;,24:de:c6:e5:4c:04,-78;,24:de:c6:e5:4c:02,-78;,24:de:c6:e5:4b:f0,-84;,24:de:c6:e5:4b:f3,-84;,,80ec3f676e17debf
1498223010584,24:de:c6:e5:4c:14,-74;,24:de:c6:e5:4c:11,-74;,24:de:c6:e5:4c:12,-74;,24:de:c6:e5:4c:03,-78;,24:de:c6:e5:4c:00,-78;,24:de:c6:e5:4c:01,-78;,24:de:c6:e5:4b:f1,-85;,24:de:c6:e5:4b:f4,-85;,24:de:c6:e5:4b:f2,-85;,fc:3f:db:e5:15:42,-92;,24:de:c6:e5:4c:10,-73;,24:de:c6:e5:4c:13,-74;,24:de:c6:e5:4c:04,-78;,24:de:c6:e5:4c:02,-78;,24:de:c6:e5:4b:f0,-84;,24:de:c6:e5:4b:f3,-84;,,80ec3f676e17debf
1498223010731,24:de:c6:e5:4c:14,-74;,24:de:c6:e5:4c:11,-74;,24:de:c6:e5:4c:12,-74;,24:de:c6:e5:4c:03,-78;,24:de:c6:e5:4c:00,-78;,24:de:c6:e5:4c:01,-78;,24:de:c6:e5:4b:f1,-85;,24:de:c6:e5:4b:f4,-85;,24:de:c6:e5:4b:f2,-85;,fc:3f:db:e5:15:42,-92;,24:de:c6:e5:4c:10,-73;,24:de:c6:e5:4c:13,-74;,24:de:c6:e5:4c:04,-78;,24:de:c6:e5:4c:02,-78;,24:de:c6:e5:4b:f0,-84;,24:de:c6:e5:4b:f3,-84;,,80ec3f676e17debf
1498223011035,24:de:c6:e5:4c:14,-74;,24:de:c6:e5:4c:11,-74;,24:de:c6:e5:4c:12,-74;,24:de:c6:e5:4c:03,-78;,24:de:c6:e5:4c:00,-78;,24:de:c6:e5:4c:01,-78;,24:de:c6:e5:4b:f1,-85;,24:de:c6:e5:4b:f4,-85;,24:de:c6:e5:4b:f2,-85;,fc:3f:db:e5:15:42,-92;,24:de:c6:e5:4c:10,-73;,24:de:c6:e5:4c:13,-74;,24:de:c6:e5:4c:04,-78;,24:de:c6:e5:4c:02,-78;,24:de:c6:e5:4b:f0,-84;,24:de:c6:e5:4b:f3,-84;,,80ec3f676e17debf
1498223011339,24:de:c6:e5:4c:14,-74;,24:de:c6:e5:4c:11,-74;,24:de:c6:e5:4c:12,-74;,24:de:c6:e5:4c:03,-78;,24:de:c6:e5:4c:00,-78;,24:de:c6:e5:4c:01,-78;,24:de:c6:e5:4b:f1,-85;,24:de:c6:e5:4b:f4,-85;,24:de:c6:e5:4b:f2,-85;,fc:3f:db:e5:15:42,-92;,24:de:c6:e5:4c:10,-73;,24:de:c6:e5:4c:13,-74;,24:de:c6:e5:4c:04,-78;,24:de:c6:e5:4c:02,-78;,24:de:c6:e5:4b:f0,-84;,24:de:c6:e5:4b:f3,-84;,,80ec3f676e17debf
1498223011644,24:de:c6:e5:4c:14,-74;,24:de:c6:e5:4c:11,-74;,24:de:c6:e5:4c:12,-74;,24:de:c6:e5:4c:03,-78;,24:de:c6:e5:4c:00,-78;,24:de:c6:e5:4c:01,-78;,24:de:c6:e5:4b:f1,-85;,24:de:c6:e5:4b:f4,-85;,24:de:c6:e5:4b:f2,-85;,fc:3f:db:e5:15:42,-92;,24:de:c6:e5:4c:10,-73;,24:de:c6:e5:4c:13,-74;,24:de:c6:e5:4c:04,-78;,24:de:c6:e5:4c:02,-78;,24:de:c6:e5:4b:f0,-84;,24:de:c6:e5:4b:f3,-84;,,80ec3f676e17debf
1498223011930,24:de:c6:e5:4c:14,-74;,24:de:c6:e5:4c:11,-74;,24:de:c6:e5:4c:12,-74;,24:de:c6:e5:4c:03,-78;,24:de:c6:e5:4c:00,-78;,24:de:c6:e5:4c:01,-78;,24:de:c6:e5:4b:f1,-85;,24:de:c6:e5:4b:f4,-85;,24:de:c6:e5:4b:f2,-85;,fc:3f:db:e5:15:42,-92;,24:de:c6:e5:4c:10,-73;,24:de:c6:e5:4c:13,-74;,24:de:c6:e5:4c:04,-78;,24:de:c6:e5:4c:02,-78;,24:de:c6:e5:4b:f0,-84;,24:de:c6:e5:4b:f3,-84;,,80ec3f676e17debf
1498223012257,24:de:c6:e5:4c:14,-74;,24:de:c6:e5:4c:11,-74;,24:de:c6:e5:4c:12,-74;,24:de:c6:e5:4c:03,-78;,24:de:c6:e5:4c:00,-78;,24:de:c6:e5:4c:01,-78;,24:de:c6:e5:4b:f1,-85;,24:de:c6:e5:4b:f4,-85;,24:de:c6:e5:4b:f2,-85;,fc:3f:db:e5:15:42,-92;,24:de:c6:e5:4c:10,-73;,24:de:c6:e5:4c:13,-74;,24:de:c6:e5:4c:04,-78;,24:de:c6:e5:4c:02,-78;,24:de:c6:e5:4b:f0,-84;,24:de:c6:e5:4b:f3,-84;,,80ec3f676e17debf
1498223012535,24:de:c6:e5:4c:14,-74;,24:de:c6:e5:4c:11,-74;,24:de:c6:e5:4c:12,-74;,24:de:c6:e5:4c:03,-78;,24:de:c6:e5:4c:00,-78;,24:de:c6:e5:4c:01,-78;,24:de:c6:e5:4b:f1,-85;,24:de:c6:e5:4b:f4,-85;,24:de:c6:e5:4b:f2,-85;,fc:3f:db:e5:15:42,-92;,24:de:c6:e5:4c:10,-73;,24:de:c6:e5:4c:13,-74;,24:de:c6:e5:4c:04,-78;,24:de:c6:e5:4c:02,-78;,24:de:c6:e5:4b:f0,-84;,24:de:c6:e5:4b:f3,-84;,,80ec3f676e17debf
1498223012845,24:de:c6:e5:4c:14,-74;,24:de:c6:e5:4c:11,-74;,24:de:c6:e5:4c:12,-74;,24:de:c6:e5:4c:03,-78;,24:de:c6:e5:4c:00,-78;,24:de:c6:e5:4c:01,-78;,24:de:c6:e5:4b:f1,-85;,24:de:c6:e5:4b:f4,-85;,24:de:c6:e5:4b:f2,-85;,fc:3f:db:e5:15:42,-92;,24:de:c6:e5:4c:10,-73;,24:de:c6:e5:4c:13,-74;,24:de:c6:e5:4c:04,-78;,24:de:c6:e5:4c:02,-78;,24:de:c6:e5:4b:f0,-84;,24:de:c6:e5:4b:f3,-84;,,80ec3f676e17debf
1498223013143,24:de:c6:e5:4c:14,-74;,24:de:c6:e5:4c:11,-74;,24:de:c6:e5:4c:12,-74;,24:de:c6:e5:4c:03,-78;,24:de:c6:e5:4c:00,-78;,24:de:c6:e5:4c:01,-78;,24:de:c6:e5:4b:f1,-85;,24:de:c6:e5:4b:f4,-85;,24:de:c6:e5:4b:f2,-85;,fc:3f:db:e5:15:42,-92;,24:de:c6:e5:4c:10,-73;,24:de:c6:e5:4c:13,-74;,24:de:c6:e5:4c:04,-78;,24:de:c6:e5:4c:02,-78;,24:de:c6:e5:4b:f0,-84;,24:de:c6:e5:4b:f3,-84;,,80ec3f676e17debf
1498223013447,24:de:c6:e5:4c:14,-74;,24:de:c6:e5:4c:11,-74;,24:de:c6:e5:4c:12,-74;,24:de:c6:e5:4c:03,-78;,24:de:c6:e5:4c:00,-78;,24:de:c6:e5:4c:01,-78;,24:de:c6:e5:4b:f1,-85;,24:de:c6:e5:4b:f4,-85;,24:de:c6:e5:4b:f2,-85;,fc:3f:db:e5:15:42,-92;,24:de:c6:e5:4c:10,-73;,24:de:c6:e5:4c:13,-74;,24:de:c6:e5:4c:04,-78;,24:de:c6:e5:4c:02,-78;,24:de:c6:e5:4b:f0,-84;,24:de:c6:e5:4b:f3,-84;,,80ec3f676e17debf
1498223013749,24:de:c6:e5:4c:14,-74;,24:de:c6:e5:4c:11,-74;,24:de:c6:e5:4c:12,-74;,24:de:c6:e5:4c:03,-78;,24:de:c6:e5:4c:00,-78;,24:de:c6:e5:4c:01,-78;,24:de:c6:e5:4b:f1,-85;,24:de:c6:e5:4b:f4,-85;,24:de:c6:e5:4b:f2,-85;,fc:3f:db:e5:15:42,-92;,24:de:c6:e5:4c:10,-73;,24:de:c6:e5:4c:13,-74;,24:de:c6:e5:4c:04,-78;,24:de:c6:e5:4c:02,-78;,24:de:c6:e5:4b:f0,-84;,24:de:c6:e5:4b:f3,-84;,,80ec3f676e17debf
1498223014061,24:de:c6:e5:4c:14,-74;,24:de:c6:e5:4c:11,-74;,24:de:c6:e5:4c:12,-74;,24:de:c6:e5:4c:03,-78;,24:de:c6:e5:4c:00,-78;,24:de:c6:e5:4c:01,-78;,24:de:c6:e5:4b:f1,-85;,24:de:c6:e5:4b:f4,-85;,24:de:c6:e5:4b:f2,-85;,fc:3f:db:e5:15:42,-92;,24:de:c6:e5:4c:10,-73;,24:de:c6:e5:4c:13,-74;,24:de:c6:e5:4c:04,-78;,24:de:c6:e5:4c:02,-78;,24:de:c6:e5:4b:f0,-84;,24:de:c6:e5:4b:f3,-84;,,80ec3f676e17debf
1498223014345,24:de:c6:e5:4c:14,-74;,24:de:c6:e5:4c:11,-74;,24:de:c6:e5:4c:12,-74;,24:de:c6:e5:4c:03,-78;,24:de:c6:e5:4c:00,-78;,24:de:c6:e5:4c:01,-78;,24:de:c6:e5:4b:f1,-85;,24:de:c6:e5:4b:f4,-85;,24:de:c6:e5:4b:f2,-85;,fc:3f:db:e5:15:42,-92;,24:de:c6:e5:4c:10,-73;,24:de:c6:e5:4c:13,-74;,24:de:c6:e5:4c:04,-78;,24:de:c6:e5:4c:02,-78;,24:de:c6:e5:4b:f0,-84;,24:de:c6:e5:4b:f3,-84;,,80ec3f676e17debf
1498223014647,24:de:c6:e5:4c:14,-74;,24:de:c6:e5:4c:11,-74;,24:de:c6:e5:4c:12,-74;,24:de:c6:e5:4c:03,-78;,24:de:c6:e5:4c:00,-78;,24:de:c6:e5:4c:01,-78;,24:de:c6:e5:4b:f1,-85;,24:de:c6:e5:4b:f4,-85;,24:de:c6:e5:4b:f2,-85;,fc:3f:db:e5:15:42,-92;,24:de:c6:e5:4c:10,-73;,24:de:c6:e5:4c:13,-74;,24:de:c6:e5:4c:04,-78;,24:de:c6:e5:4c:02,-78;,24:de:c6:e5:4b:f0,-84;,24:de:c6:e5:4b:f3,-84;,,80ec3f676e17debf
1498223014950,24:de:c6:e5:4c:14,-74;,24:de:c6:e5:4c:11,-74;,24:de:c6:e5:4c:12,-74;,24:de:c6:e5:4c:03,-78;,24:de:c6:e5:4c:00,-78;,24:de:c6:e5:4c:01,-78;,24:de:c6:e5:4b:f1,-85;,24:de:c6:e5:4b:f4,-85;,24:de:c6:e5:4b:f2,-85;,fc:3f:db:e5:15:42,-92;,24:de:c6:e5:4c:10,-73;,24:de:c6:e5:4c:13,-74;,24:de:c6:e5:4c:04,-78;,24:de:c6:e5:4c:02,-78;,24:de:c6:e5:4b:f0,-84;,24:de:c6:e5:4b:f3,-84;,,80ec3f676e17debf
1498223015240,24:de:c6:e5:4c:14,-74;,24:de:c6:e5:4c:11,-74;,24:de:c6:e5:4c:12,-74;,24:de:c6:e5:4c:03,-78;,24:de:c6:e5:4c:00,-78;,24:de:c6:e5:4c:01,-78;,24:de:c6:e5:4b:f1,-85;,24:de:c6:e5:4b:f4,-85;,24:de:c6:e5:4b:f2,-85;,fc:3f:db:e5:15:42,-92;,24:de:c6:e5:4c:10,-73;,24:de:c6:e5:4c:13,-74;,24:de:c6:e5:4c:04,-78;,24:de:c6:e5:4c:02,-78;,24:de:c6:e5:4b:f0,-84;,24:de:c6:e5:4b:f3,-84;,,80ec3f676e17debf
1498223015573,24:de:c6:e5:4c:14,-74;,24:de:c6:e5:4c:11,-74;,24:de:c6:e5:4c:12,-74;,24:de:c6:e5:4c:03,-78;,24:de:c6:e5:4c:00,-78;,24:de:c6:e5:4c:01,-78;,24:de:c6:e5:4b:f1,-85;,24:de:c6:e5:4b:f4,-85;,24:de:c6:e5:4b:f2,-85;,fc:3f:db:e5:15:42,-92;,24:de:c6:e5:4c:10,-73;,24:de:c6:e5:4c:13,-74;,24:de:c6:e5:4c:04,-78;,24:de:c6:e5:4c:02,-78;,24:de:c6:e5:4b:f0,-84;,24:de:c6:e5:4b:f3,-84;,,80ec3f676e17debf
1498223015843,24:de:c6:e5:4c:14,-74;,24:de:c6:e5:4c:11,-74;,24:de:c6:e5:4c:12,-74;,24:de:c6:e5:4c:03,-78;,24:de:c6:e5:4c:00,-78;,24:de:c6:e5:4c:01,-78;,24:de:c6:e5:4b:f1,-85;,24:de:c6:e5:4b:f4,-85;,24:de:c6:e5:4b:f2,-85;,fc:3f:db:e5:15:42,-92;,24:de:c6:e5:4c:10,-73;,24:de:c6:e5:4c:13,-74;,24:de:c6:e5:4c:04,-78;,24:de:c6:e5:4c:02,-78;,24:de:c6:e5:4b:f0,-84;,24:de:c6:e5:4b:f3,-84;,,80ec3f676e17debf
1498223016138,24:de:c6:e5:4c:14,-74;,24:de:c6:e5:4c:11,-74;,24:de:c6:e5:4c:12,-74;,24:de:c6:e5:4c:03,-78;,24:de:c6:e5:4c:00,-78;,24:de:c6:e5:4c:01,-78;,24:de:c6:e5:4b:f1,-85;,24:de:c6:e5:4b:f4,-85;,24:de:c6:e5:4b:f2,-85;,fc:3f:db:e5:15:42,-92;,24:de:c6:e5:4c:10,-73;,24:de:c6:e5:4c:13,-74;,24:de:c6:e5:4c:04,-78;,24:de:c6:e5:4c:02,-78;,24:de:c6:e5:4b:f0,-84;,24:de:c6:e5:4b:f3,-84;,,80ec3f676e17debf
1498223016447,24:de:c6:e5:4c:14,-74;,24:de:c6:e5:4c:11,-74;,24:de:c6:e5:4c:12,-74;,24:de:c6:e5:4c:03,-78;,24:de:c6:e5:4c:00,-78;,24:de:c6:e5:4c:01,-78;,24:de:c6:e5:4b:f1,-85;,24:de:c6:e5:4b:f4,-85;,24:de:c6:e5:4b:f2,-85;,fc:3f:db:e5:15:42,-92;,24:de:c6:e5:4c:10,-73;,24:de:c6:e5:4c:13,-74;,24:de:c6:e5:4c:04,-78;,24:de:c6:e5:4c:02,-78;,24:de:c6:e5:4b:f0,-84;,24:de:c6:e5:4b:f3,-84;,,80ec3f676e17debf
1498223016737,24:de:c6:e5:4c:14,-74;,24:de:c6:e5:4c:11,-74;,24:de:c6:e5:4c:12,-74;,24:de:c6:e5:4c:03,-78;,24:de:c6:e5:4c:00,-78;,24:de:c6:e5:4c:01,-78;,24:de:c6:e5:4b:f1,-85;,24:de:c6:e5:4b:f4,-85;,24:de:c6:e5:4b:f2,-85;,fc:3f:db:e5:15:42,-92;,24:de:c6:e5:4c:10,-73;,24:de:c6:e5:4c:13,-74;,24:de:c6:e5:4c:04,-78;,24:de:c6:e5:4c:02,-78;,24:de:c6:e5:4b:f0,-84;,24:de:c6:e5:4b:f3,-84;,,80ec3f676e17debf
1498223017042,24:de:c6:e5:4c:14,-74;,24:de:c6:e5:4c:11,-74;,24:de:c6:e5:4c:12,-74;,24:de:c6:e5:4c:03,-78;,24:de:c6:e5:4c:00,-78;,24:de:c6:e5:4c:01,-78;,24:de:c6:e5:4b:f1,-85;,24:de:c6:e5:4b:f4,-85;,24:de:c6:e5:4b:f2,-85;,fc:3f:db:e5:15:42,-92;,24:de:c6:e5:4c:10,-73;,24:de:c6:e5:4c:13,-74;,24:de:c6:e5:4c:04,-78;,24:de:c6:e5:4c:02,-78;,24:de:c6:e5:4b:f0,-84;,24:de:c6:e5:4b:f3,-84;,,80ec3f676e17debf
1498223017330,24:de:c6:e5:4c:14,-74;,24:de:c6:e5:4c:11,-74;,24:de:c6:e5:4c:12,-74;,24:de:c6:e5:4c:03,-78;,24:de:c6:e5:4c:00,-78;,24:de:c6:e5:4c:01,-78;,24:de:c6:e5:4b:f1,-85;,24:de:c6:e5:4b:f4,-85;,24:de:c6:e5:4b:f2,-85;,fc:3f:db:e5:15:42,-92;,24:de:c6:e5:4c:10,-73;,24:de:c6:e5:4c:13,-74;,24:de:c6:e5:4c:04,-78;,24:de:c6:e5:4c:02,-78;,24:de:c6:e5:4b:f0,-84;,24:de:c6:e5:4b:f3,-84;,,80ec3f676e17debf
1498223017652,24:de:c6:e5:4c:14,-74;,24:de:c6:e5:4c:11,-74;,24:de:c6:e5:4c:12,-74;,24:de:c6:e5:4c:03,-78;,24:de:c6:e5:4c:00,-78;,24:de:c6:e5:4c:01,-78;,24:de:c6:e5:4b:f1,-85;,24:de:c6:e5:4b:f4,-85;,24:de:c6:e5:4b:f2,-85;,fc:3f:db:e5:15:42,-92;,24:de:c6:e5:4c:10,-73;,24:de:c6:e5:4c:13,-74;,24:de:c6:e5:4c:04,-78;,24:de:c6:e5:4c:02,-78;,24:de:c6:e5:4b:f0,-84;,24:de:c6:e5:4b:f3,-84;,,80ec3f676e17debf
1498223017932,24:de:c6:e5:4c:14,-74;,24:de:c6:e5:4c:11,-74;,24:de:c6:e5:4c:12,-74;,24:de:c6:e5:4c:03,-78;,24:de:c6:e5:4c:00,-78;,24:de:c6:e5:4c:01,-78;,24:de:c6:e5:4b:f1,-85;,24:de:c6:e5:4b:f4,-85;,24:de:c6:e5:4b:f2,-85;,fc:3f:db:e5:15:42,-92;,24:de:c6:e5:4c:10,-73;,24:de:c6:e5:4c:13,-74;,24:de:c6:e5:4c:04,-78;,24:de:c6:e5:4c:02,-78;,24:de:c6:e5:4b:f0,-84;,24:de:c6:e5:4b:f3,-84;,,80ec3f676e17debf
1498223018256,24:de:c6:e5:4c:14,-74;,24:de:c6:e5:4c:11,-74;,24:de:c6:e5:4c:12,-74;,24:de:c6:e5:4c:03,-78;,24:de:c6:e5:4c:00,-78;,24:de:c6:e5:4c:01,-78;,24:de:c6:e5:4b:f1,-85;,24:de:c6:e5:4b:f4,-85;,24:de:c6:e5:4b:f2,-85;,fc:3f:db:e5:15:42,-92;,24:de:c6:e5:4c:10,-73;,24:de:c6:e5:4c:13,-74;,24:de:c6:e5:4c:04,-78;,24:de:c6:e5:4c:02,-78;,24:de:c6:e5:4b:f0,-84;,24:de:c6:e5:4b:f3,-84;,,80ec3f676e17debf
1498223018542,24:de:c6:e5:4c:14,-74;,24:de:c6:e5:4c:11,-74;,24:de:c6:e5:4c:12,-74;,24:de:c6:e5:4c:03,-78;,24:de:c6:e5:4c:00,-78;,24:de:c6:e5:4c:01,-78;,24:de:c6:e5:4b:f1,-85;,24:de:c6:e5:4b:f4,-85;,24:de:c6:e5:4b:f2,-85;,fc:3f:db:e5:15:42,-92;,24:de:c6:e5:4c:10,-73;,24:de:c6:e5:4c:13,-74;,24:de:c6:e5:4c:04,-78;,24:de:c6:e5:4c:02,-78;,24:de:c6:e5:4b:f0,-84;,24:de:c6:e5:4b:f3,-84;,,80ec3f676e17debf
1498223018875,24:de:c6:e5:4c:14,-74;,24:de:c6:e5:4c:11,-74;,24:de:c6:e5:4c:12,-74;,24:de:c6:e5:4c:03,-78;,24:de:c6:e5:4c:00,-78;,24:de:c6:e5:4c:01,-78;,24:de:c6:e5:4b:f1,-85;,24:de:c6:e5:4b:f4,-85;,24:de:c6:e5:4b:f2,-85;,fc:3f:db:e5:15:42,-92;,24:de:c6:e5:4c:10,-73;,24:de:c6:e5:4c:13,-74;,24:de:c6:e5:4c:04,-78;,24:de:c6:e5:4c:02,-78;,24:de:c6:e5:4b:f0,-84;,24:de:c6:e5:4b:f3,-84;,,80ec3f676e17debf
1498223019171,24:de:c6:e5:4c:14,-74;,24:de:c6:e5:4c:11,-74;,24:de:c6:e5:4c:12,-74;,24:de:c6:e5:4c:03,-78;,24:de:c6:e5:4c:00,-78;,24:de:c6:e5:4c:01,-78;,24:de:c6:e5:4b:f1,-85;,24:de:c6:e5:4b:f4,-85;,24:de:c6:e5:4b:f2,-85;,fc:3f:db:e5:15:42,-92;,24:de:c6:e5:4c:10,-73;,24:de:c6:e5:4c:13,-74;,24:de:c6:e5:4c:04,-78;,24:de:c6:e5:4c:02,-78;,24:de:c6:e5:4b:f0,-84;,24:de:c6:e5:4b:f3,-84;,,80ec3f676e17debf
1498223019447,24:de:c6:e5:4c:14,-74;,24:de:c6:e5:4c:11,-74;,24:de:c6:e5:4c:12,-74;,24:de:c6:e5:4c:03,-78;,24:de:c6:e5:4c:00,-78;,24:de:c6:e5:4c:01,-78;,24:de:c6:e5:4b:f1,-85;,24:de:c6:e5:4b:f4,-85;,24:de:c6:e5:4b:f2,-85;,fc:3f:db:e5:15:42,-92;,24:de:c6:e5:4c:10,-73;,24:de:c6:e5:4c:13,-74;,24:de:c6:e5:4c:04,-78;,24:de:c6:e5:4c:02,-78;,24:de:c6:e5:4b:f0,-84;,24:de:c6:e5:4b:f3,-84;,,80ec3f676e17debf
1498223019780,24:de:c6:e5:4c:14,-74;,24:de:c6:e5:4c:11,-74;,24:de:c6:e5:4c:12,-74;,24:de:c6:e5:4c:03,-78;,24:de:c6:e5:4c:00,-78;,24:de:c6:e5:4c:01,-78;,24:de:c6:e5:4b:f1,-85;,24:de:c6:e5:4b:f4,-85;,24:de:c6:e5:4b:f2,-85;,fc:3f:db:e5:15:42,-92;,24:de:c6:e5:4c:10,-73;,24:de:c6:e5:4c:13,-74;,24:de:c6:e5:4c:04,-78;,24:de:c6:e5:4c:02,-78;,24:de:c6:e5:4b:f0,-84;,24:de:c6:e5:4b:f3,-84;,,80ec3f676e17debf
1498223020048,24:de:c6:e5:4c:14,-74;,24:de:c6:e5:4c:11,-74;,24:de:c6:e5:4c:12,-74;,24:de:c6:e5:4c:03,-61;,24:de:c6:e5:4c:00,-61;,24:de:c6:e5:4c:01,-61;,24:de:c6:e5:4b:f1,-85;,24:de:c6:e5:4b:f4,-85;,24:de:c6:e5:4b:f2,-85;,24:de:c6:e5:4c:10,-73;,24:de:c6:e5:4c:13,-74;,24:de:c6:e5:4c:04,-62;,24:de:c6:e5:4c:02,-62;,24:de:c6:e5:4b:f0,-84;,24:de:c6:e5:4b:f3,-84;,24:de:c6:e5:4b:e1,-75;,24:de:c6:e5:4b:e0,-75;,24:de:c6:e5:4b:e3,-75;,24:de:c6:e5:4b:e4,-75;,24:de:c6:e5:4b:e2,-76;,,80ec3f676e17debf
1498223020336,24:de:c6:e5:4c:14,-74;,24:de:c6:e5:4c:11,-74;,24:de:c6:e5:4c:12,-74;,24:de:c6:e5:4c:03,-61;,24:de:c6:e5:4c:00,-61;,24:de:c6:e5:4c:01,-61;,24:de:c6:e5:4b:f1,-85;,24:de:c6:e5:4b:f4,-85;,24:de:c6:e5:4b:f2,-85;,24:de:c6:e5:4c:10,-73;,24:de:c6:e5:4c:13,-74;,24:de:c6:e5:4c:04,-62;,24:de:c6:e5:4c:02,-62;,24:de:c6:e5:4b:f0,-84;,24:de:c6:e5:4b:f3,-84;,24:de:c6:e5:4b:e1,-75;,24:de:c6:e5:4b:e0,-75;,24:de:c6:e5:4b:e3,-75;,24:de:c6:e5:4b:e4,-75;,24:de:c6:e5:4b:e2,-76;,,80ec3f676e17debf
1498223020645,24:de:c6:e5:4c:14,-74;,24:de:c6:e5:4c:11,-74;,24:de:c6:e5:4c:12,-74;,24:de:c6:e5:4c:03,-61;,24:de:c6:e5:4c:00,-61;,24:de:c6:e5:4c:01,-61;,24:de:c6:e5:4b:f1,-85;,24:de:c6:e5:4b:f4,-85;,24:de:c6:e5:4b:f2,-85;,24:de:c6:e5:4c:10,-73;,24:de:c6:e5:4c:13,-74;,24:de:c6:e5:4c:04,-62;,24:de:c6:e5:4c:02,-62;,24:de:c6:e5:4b:f0,-84;,24:de:c6:e5:4b:f3,-84;,24:de:c6:e5:4b:e1,-75;,24:de:c6:e5:4b:e0,-75;,24:de:c6:e5:4b:e3,-75;,24:de:c6:e5:4b:e4,-75;,24:de:c6:e5:4b:e2,-76;,,80ec3f676e17debf
1498223020932,24:de:c6:e5:4c:14,-74;,24:de:c6:e5:4c:11,-74;,24:de:c6:e5:4c:12,-74;,24:de:c6:e5:4c:03,-61;,24:de:c6:e5:4c:00,-61;,24:de:c6:e5:4c:01,-61;,24:de:c6:e5:4b:f1,-85;,24:de:c6:e5:4b:f4,-85;,24:de:c6:e5:4b:f2,-85;,24:de:c6:e5:4c:10,-73;,24:de:c6:e5:4c:13,-74;,24:de:c6:e5:4c:04,-62;,24:de:c6:e5:4c:02,-62;,24:de:c6:e5:4b:f0,-84;,24:de:c6:e5:4b:f3,-84;,24:de:c6:e5:4b:e1,-75;,24:de:c6:e5:4b:e0,-75;,24:de:c6:e5:4b:e3,-75;,24:de:c6:e5:4b:e4,-75;,24:de:c6:e5:4b:e2,-76;,,80ec3f676e17debf
1498223021241,24:de:c6:e5:4c:14,-74;,24:de:c6:e5:4c:11,-74;,24:de:c6:e5:4c:12,-74;,24:de:c6:e5:4c:03,-61;,24:de:c6:e5:4c:00,-61;,24:de:c6:e5:4c:01,-61;,24:de:c6:e5:4b:f1,-85;,24:de:c6:e5:4b:f4,-85;,24:de:c6:e5:4b:f2,-85;,24:de:c6:e5:4c:10,-73;,24:de:c6:e5:4c:13,-74;,24:de:c6:e5:4c:04,-62;,24:de:c6:e5:4c:02,-62;,24:de:c6:e5:4b:f0,-84;,24:de:c6:e5:4b:f3,-84;,24:de:c6:e5:4b:e1,-75;,24:de:c6:e5:4b:e0,-75;,24:de:c6:e5:4b:e3,-75;,24:de:c6:e5:4b:e4,-75;,24:de:c6:e5:4b:e2,-76;,,80ec3f676e17debf
1498223022268,24:de:c6:e5:4c:14,-74;,24:de:c6:e5:4c:11,-74;,24:de:c6:e5:4c:12,-74;,24:de:c6:e5:4c:03,-61;,24:de:c6:e5:4c:00,-61;,24:de:c6:e5:4c:01,-61;,24:de:c6:e5:4b:f1,-85;,24:de:c6:e5:4b:f4,-85;,24:de:c6:e5:4b:f2,-85;,24:de:c6:e5:4c:10,-73;,24:de:c6:e5:4c:13,-74;,24:de:c6:e5:4c:04,-62;,24:de:c6:e5:4c:02,-62;,24:de:c6:e5:4b:f0,-84;,24:de:c6:e5:4b:f3,-84;,24:de:c6:e5:4b:e1,-75;,24:de:c6:e5:4b:e0,-75;,24:de:c6:e5:4b:e3,-75;,24:de:c6:e5:4b:e4,-75;,24:de:c6:e5:4b:e2,-76;,,80ec3f676e17debf
1498223022440,24:de:c6:e5:4c:14,-74;,24:de:c6:e5:4c:11,-74;,24:de:c6:e5:4c:12,-74;,24:de:c6:e5:4c:03,-61;,24:de:c6:e5:4c:00,-61;,24:de:c6:e5:4c:01,-61;,24:de:c6:e5:4b:f1,-85;,24:de:c6:e5:4b:f4,-85;,24:de:c6:e5:4b:f2,-85;,24:de:c6:e5:4c:10,-73;,24:de:c6:e5:4c:13,-74;,24:de:c6:e5:4c:04,-62;,24:de:c6:e5:4c:02,-62;,24:de:c6:e5:4b:f0,-84;,24:de:c6:e5:4b:f3,-84;,24:de:c6:e5:4b:e1,-75;,24:de:c6:e5:4b:e0,-75;,24:de:c6:e5:4b:e3,-75;,24:de:c6:e5:4b:e4,-75;,24:de:c6:e5:4b:e2,-76;,,80ec3f676e17debf
1498223022743,24:de:c6:e5:4c:14,-74;,24:de:c6:e5:4c:11,-74;,24:de:c6:e5:4c:12,-74;,24:de:c6:e5:4c:03,-61;,24:de:c6:e5:4c:00,-61;,24:de:c6:e5:4c:01,-61;,24:de:c6:e5:4b:f1,-85;,24:de:c6:e5:4b:f4,-85;,24:de:c6:e5:4b:f2,-85;,24:de:c6:e5:4c:10,-73;,24:de:c6:e5:4c:13,-74;,24:de:c6:e5:4c:04,-62;,24:de:c6:e5:4c:02,-62;,24:de:c6:e5:4b:f0,-84;,24:de:c6:e5:4b:f3,-84;,24:de:c6:e5:4b:e1,-75;,24:de:c6:e5:4b:e0,-75;,24:de:c6:e5:4b:e3,-75;,24:de:c6:e5:4b:e4,-75;,24:de:c6:e5:4b:e2,-76;,,80ec3f676e17debf
1498223023083,24:de:c6:e5:4c:14,-74;,24:de:c6:e5:4c:11,-74;,24:de:c6:e5:4c:12,-74;,24:de:c6:e5:4c:03,-61;,24:de:c6:e5:4c:00,-61;,24:de:c6:e5:4c:01,-61;,24:de:c6:e5:4b:f1,-85;,24:de:c6:e5:4b:f4,-85;,24:de:c6:e5:4b:f2,-85;,24:de:c6:e5:4c:10,-73;,24:de:c6:e5:4c:13,-74;,24:de:c6:e5:4c:04,-62;,24:de:c6:e5:4c:02,-62;,24:de:c6:e5:4b:f0,-84;,24:de:c6:e5:4b:f3,-84;,24:de:c6:e5:4b:e1,-75;,24:de:c6:e5:4b:e0,-75;,24:de:c6:e5:4b:e3,-75;,24:de:c6:e5:4b:e4,-75;,24:de:c6:e5:4b:e2,-76;,,80ec3f676e17debf
1498223023341,24:de:c6:e5:4c:14,-74;,24:de:c6:e5:4c:11,-74;,24:de:c6:e5:4c:12,-74;,24:de:c6:e5:4c:03,-61;,24:de:c6:e5:4c:00,-61;,24:de:c6:e5:4c:01,-61;,24:de:c6:e5:4b:f1,-85;,24:de:c6:e5:4b:f4,-85;,24:de:c6:e5:4b:f2,-85;,24:de:c6:e5:4c:10,-73;,24:de:c6:e5:4c:13,-74;,24:de:c6:e5:4c:04,-62;,24:de:c6:e5:4c:02,-62;,24:de:c6:e5:4b:f0,-84;,24:de:c6:e5:4b:f3,-84;,24:de:c6:e5:4b:e1,-75;,24:de:c6:e5:4b:e0,-75;,24:de:c6:e5:4b:e3,-75;,24:de:c6:e5:4b:e4,-75;,24:de:c6:e5:4b:e2,-76;,,80ec3f676e17debf
1498223023657,24:de:c6:e5:4c:14,-74;,24:de:c6:e5:4c:11,-74;,24:de:c6:e5:4c:12,-74;,24:de:c6:e5:4c:03,-61;,24:de:c6:e5:4c:00,-61;,24:de:c6:e5:4c:01,-61;,24:de:c6:e5:4b:f1,-85;,24:de:c6:e5:4b:f4,-85;,24:de:c6:e5:4b:f2,-85;,24:de:c6:e5:4c:10,-73;,24:de:c6:e5:4c:13,-74;,24:de:c6:e5:4c:04,-62;,24:de:c6:e5:4c:02,-62;,24:de:c6:e5:4b:f0,-84;,24:de:c6:e5:4b:f3,-84;,24:de:c6:e5:4b:e1,-75;,24:de:c6:e5:4b:e0,-75;,24:de:c6:e5:4b:e3,-75;,24:de:c6:e5:4b:e4,-75;,24:de:c6:e5:4b:e2,-76;,,80ec3f676e17debf
1498223024830,24:de:c6:e5:4c:14,-74;,24:de:c6:e5:4c:11,-74;,24:de:c6:e5:4c:12,-74;,24:de:c6:e5:4c:03,-61;,24:de:c6:e5:4c:00,-61;,24:de:c6:e5:4c:01,-61;,24:de:c6:e5:4b:f1,-85;,24:de:c6:e5:4b:f4,-85;,24:de:c6:e5:4b:f2,-85;,24:de:c6:e5:4c:10,-73;,24:de:c6:e5:4c:13,-74;,24:de:c6:e5:4c:04,-62;,24:de:c6:e5:4c:02,-62;,24:de:c6:e5:4b:f0,-84;,24:de:c6:e5:4b:f3,-84;,24:de:c6:e5:4b:e1,-75;,24:de:c6:e5:4b:e0,-75;,24:de:c6:e5:4b:e3,-75;,24:de:c6:e5:4b:e4,-75;,24:de:c6:e5:4b:e2,-76;,,80ec3f676e17debf
1498223025140,24:de:c6:e5:4c:14,-74;,24:de:c6:e5:4c:11,-74;,24:de:c6:e5:4c:12,-74;,24:de:c6:e5:4c:03,-64;,24:de:c6:e5:4c:00,-64;,24:de:c6:e5:4c:01,-64;,24:de:c6:e5:4b:f1,-85;,24:de:c6:e5:4b:f4,-85;,24:de:c6:e5:4b:f2,-85;,24:de:c6:e5:4c:10,-73;,24:de:c6:e5:4c:13,-74;,24:de:c6:e5:4c:04,-64;,24:de:c6:e5:4c:02,-64;,24:de:c6:e5:4b:f0,-84;,24:de:c6:e5:4b:f3,-84;,24:de:c6:e5:4b:e1,-75;,24:de:c6:e5:4b:e0,-75;,24:de:c6:e5:4b:e3,-75;,24:de:c6:e5:4b:e4,-75;,24:de:c6:e5:4b:e2,-75;,,80ec3f676e17debf
1498223025442,24:de:c6:e5:4c:14,-74;,24:de:c6:e5:4c:11,-74;,24:de:c6:e5:4c:12,-74;,24:de:c6:e5:4c:03,-64;,24:de:c6:e5:4c:00,-64;,24:de:c6:e5:4c:01,-64;,24:de:c6:e5:4b:f1,-85;,24:de:c6:e5:4b:f4,-85;,24:de:c6:e5:4b:f2,-85;,24:de:c6:e5:4c:10,-73;,24:de:c6:e5:4c:13,-74;,24:de:c6:e5:4c:04,-64;,24:de:c6:e5:4c:02,-64;,24:de:c6:e5:4b:f0,-84;,24:de:c6:e5:4b:f3,-84;,24:de:c6:e5:4b:e1,-75;,24:de:c6:e5:4b:e0,-75;,24:de:c6:e5:4b:e3,-75;,24:de:c6:e5:4b:e4,-75;,24:de:c6:e5:4b:e2,-75;,,80ec3f676e17debf
1498223025743,24:de:c6:e5:4c:14,-74;,24:de:c6:e5:4c:11,-74;,24:de:c6:e5:4c:12,-74;,24:de:c6:e5:4c:03,-64;,24:de:c6:e5:4c:00,-64;,24:de:c6:e5:4c:01,-64;,24:de:c6:e5:4b:f1,-85;,24:de:c6:e5:4b:f4,-85;,24:de:c6:e5:4b:f2,-85;,24:de:c6:e5:4c:10,-73;,24:de:c6:e5:4c:13,-74;,24:de:c6:e5:4c:04,-64;,24:de:c6:e5:4c:02,-64;,24:de:c6:e5:4b:f0,-84;,24:de:c6:e5:4b:f3,-84;,24:de:c6:e5:4b:e1,-75;,24:de:c6:e5:4b:e0,-75;,24:de:c6:e5:4b:e3,-75;,24:de:c6:e5:4b:e4,-75;,24:de:c6:e5:4b:e2,-75;,,80ec3f676e17debf
1498223026045,24:de:c6:e5:4c:14,-74;,24:de:c6:e5:4c:11,-74;,24:de:c6:e5:4c:12,-74;,24:de:c6:e5:4c:03,-64;,24:de:c6:e5:4c:00,-64;,24:de:c6:e5:4c:01,-64;,24:de:c6:e5:4b:f1,-85;,24:de:c6:e5:4b:f4,-85;,24:de:c6:e5:4b:f2,-85;,24:de:c6:e5:4c:10,-73;,24:de:c6:e5:4c:13,-74;,24:de:c6:e5:4c:04,-64;,24:de:c6:e5:4c:02,-64;,24:de:c6:e5:4b:f0,-84;,24:de:c6:e5:4b:f3,-84;,24:de:c6:e5:4b:e1,-75;,24:de:c6:e5:4b:e0,-75;,24:de:c6:e5:4b:e3,-75;,24:de:c6:e5:4b:e4,-75;,24:de:c6:e5:4b:e2,-75;,,80ec3f676e17debf
1498223026388,24:de:c6:e5:4c:14,-74;,24:de:c6:e5:4c:11,-74;,24:de:c6:e5:4c:12,-74;,24:de:c6:e5:4c:03,-64;,24:de:c6:e5:4c:00,-64;,24:de:c6:e5:4c:01,-64;,24:de:c6:e5:4b:f1,-85;,24:de:c6:e5:4b:f4,-85;,24:de:c6:e5:4b:f2,-85;,24:de:c6:e5:4c:10,-73;,24:de:c6:e5:4c:13,-74;,24:de:c6:e5:4c:04,-64;,24:de:c6:e5:4c:02,-64;,24:de:c6:e5:4b:f0,-84;,24:de:c6:e5:4b:f3,-84;,24:de:c6:e5:4b:e1,-75;,24:de:c6:e5:4b:e0,-75;,24:de:c6:e5:4b:e3,-75;,24:de:c6:e5:4b:e4,-75;,24:de:c6:e5:4b:e2,-75;,,80ec3f676e17debf
1498223026657,24:de:c6:e5:4c:14,-74;,24:de:c6:e5:4c:11,-74;,24:de:c6:e5:4c:12,-74;,24:de:c6:e5:4c:03,-64;,24:de:c6:e5:4c:00,-64;,24:de:c6:e5:4c:01,-64;,24:de:c6:e5:4b:f1,-85;,24:de:c6:e5:4b:f4,-85;,24:de:c6:e5:4b:f2,-85;,24:de:c6:e5:4c:10,-73;,24:de:c6:e5:4c:13,-74;,24:de:c6:e5:4c:04,-64;,24:de:c6:e5:4c:02,-64;,24:de:c6:e5:4b:f0,-84;,24:de:c6:e5:4b:f3,-84;,24:de:c6:e5:4b:e1,-75;,24:de:c6:e5:4b:e0,-75;,24:de:c6:e5:4b:e3,-75;,24:de:c6:e5:4b:e4,-75;,24:de:c6:e5:4b:e2,-75;,,80ec3f676e17debf
1498223026935,24:de:c6:e5:4c:14,-74;,24:de:c6:e5:4c:11,-74;,24:de:c6:e5:4c:12,-74;,24:de:c6:e5:4c:03,-64;,24:de:c6:e5:4c:00,-64;,24:de:c6:e5:4c:01,-64;,24:de:c6:e5:4b:f1,-85;,24:de:c6:e5:4b:f4,-85;,24:de:c6:e5:4b:f2,-85;,24:de:c6:e5:4c:10,-73;,24:de:c6:e5:4c:13,-74;,24:de:c6:e5:4c:04,-64;,24:de:c6:e5:4c:02,-64;,24:de:c6:e5:4b:f0,-84;,24:de:c6:e5:4b:f3,-84;,24:de:c6:e5:4b:e1,-75;,24:de:c6:e5:4b:e0,-75;,24:de:c6:e5:4b:e3,-75;,24:de:c6:e5:4b:e4,-75;,24:de:c6:e5:4b:e2,-75;,,80ec3f676e17debf
1498223027242,24:de:c6:e5:4c:14,-74;,24:de:c6:e5:4c:11,-74;,24:de:c6:e5:4c:12,-74;,24:de:c6:e5:4c:03,-64;,24:de:c6:e5:4c:00,-64;,24:de:c6:e5:4c:01,-64;,24:de:c6:e5:4b:f1,-85;,24:de:c6:e5:4b:f4,-85;,24:de:c6:e5:4b:f2,-85;,24:de:c6:e5:4c:10,-73;,24:de:c6:e5:4c:13,-74;,24:de:c6:e5:4c:04,-64;,24:de:c6:e5:4c:02,-64;,24:de:c6:e5:4b:f0,-84;,24:de:c6:e5:4b:f3,-84;,24:de:c6:e5:4b:e1,-75;,24:de:c6:e5:4b:e0,-75;,24:de:c6:e5:4b:e3,-75;,24:de:c6:e5:4b:e4,-75;,24:de:c6:e5:4b:e2,-75;,,80ec3f676e17debf
1498223027536,24:de:c6:e5:4c:14,-74;,24:de:c6:e5:4c:11,-74;,24:de:c6:e5:4c:12,-74;,24:de:c6:e5:4c:03,-64;,24:de:c6:e5:4c:00,-64;,24:de:c6:e5:4c:01,-64;,24:de:c6:e5:4b:f1,-85;,24:de:c6:e5:4b:f4,-85;,24:de:c6:e5:4b:f2,-85;,24:de:c6:e5:4c:10,-73;,24:de:c6:e5:4c:13,-74;,24:de:c6:e5:4c:04,-64;,24:de:c6:e5:4c:02,-64;,24:de:c6:e5:4b:f0,-84;,24:de:c6:e5:4b:f3,-84;,24:de:c6:e5:4b:e1,-75;,24:de:c6:e5:4b:e0,-75;,24:de:c6:e5:4b:e3,-75;,24:de:c6:e5:4b:e4,-75;,24:de:c6:e5:4b:e2,-75;,,80ec3f676e17debf
1498223027844,24:de:c6:e5:4c:14,-74;,24:de:c6:e5:4c:11,-74;,24:de:c6:e5:4c:12,-74;,24:de:c6:e5:4c:03,-64;,24:de:c6:e5:4c:00,-64;,24:de:c6:e5:4c:01,-64;,24:de:c6:e5:4b:f1,-85;,24:de:c6:e5:4b:f4,-85;,24:de:c6:e5:4b:f2,-85;,24:de:c6:e5:4c:10,-73;,24:de:c6:e5:4c:13,-74;,24:de:c6:e5:4c:04,-64;,24:de:c6:e5:4c:02,-64;,24:de:c6:e5:4b:f0,-84;,24:de:c6:e5:4b:f3,-84;,24:de:c6:e5:4b:e1,-75;,24:de:c6:e5:4b:e0,-75;,24:de:c6:e5:4b:e3,-75;,24:de:c6:e5:4b:e4,-75;,24:de:c6:e5:4b:e2,-75;,,80ec3f676e17debf
1498223028749,24:de:c6:e5:4c:14,-74;,24:de:c6:e5:4c:11,-74;,24:de:c6:e5:4c:12,-74;,24:de:c6:e5:4c:03,-64;,24:de:c6:e5:4c:00,-64;,24:de:c6:e5:4c:01,-64;,24:de:c6:e5:4b:f1,-85;,24:de:c6:e5:4b:f4,-85;,24:de:c6:e5:4b:f2,-85;,24:de:c6:e5:4c:10,-73;,24:de:c6:e5:4c:13,-74;,24:de:c6:e5:4c:04,-64;,24:de:c6:e5:4c:02,-64;,24:de:c6:e5:4b:f0,-84;,24:de:c6:e5:4b:f3,-84;,24:de:c6:e5:4b:e1,-75;,24:de:c6:e5:4b:e0,-75;,24:de:c6:e5:4b:e3,-75;,24:de:c6:e5:4b:e4,-75;,24:de:c6:e5:4b:e2,-75;,,80ec3f676e17debf
1498223029169,24:de:c6:e5:4c:14,-74;,24:de:c6:e5:4c:11,-74;,24:de:c6:e5:4c:12,-74;,24:de:c6:e5:4c:03,-64;,24:de:c6:e5:4c:00,-64;,24:de:c6:e5:4c:01,-64;,24:de:c6:e5:4b:f1,-85;,24:de:c6:e5:4b:f4,-85;,24:de:c6:e5:4b:f2,-85;,24:de:c6:e5:4c:10,-73;,24:de:c6:e5:4c:13,-74;,24:de:c6:e5:4c:04,-64;,24:de:c6:e5:4c:02,-64;,24:de:c6:e5:4b:f0,-84;,24:de:c6:e5:4b:f3,-84;,24:de:c6:e5:4b:e1,-75;,24:de:c6:e5:4b:e0,-75;,24:de:c6:e5:4b:e3,-75;,24:de:c6:e5:4b:e4,-75;,24:de:c6:e5:4b:e2,-75;,,80ec3f676e17debf
1498223029332,24:de:c6:e5:4c:14,-74;,24:de:c6:e5:4c:11,-74;,24:de:c6:e5:4c:12,-74;,24:de:c6:e5:4c:03,-64;,24:de:c6:e5:4c:00,-64;,24:de:c6:e5:4c:01,-64;,24:de:c6:e5:4b:f1,-85;,24:de:c6:e5:4b:f4,-85;,24:de:c6:e5:4b:f2,-85;,24:de:c6:e5:4c:10,-73;,24:de:c6:e5:4c:13,-74;,24:de:c6:e5:4c:04,-64;,24:de:c6:e5:4c:02,-64;,24:de:c6:e5:4b:f0,-84;,24:de:c6:e5:4b:f3,-84;,24:de:c6:e5:4b:e1,-75;,24:de:c6:e5:4b:e0,-75;,24:de:c6:e5:4b:e3,-75;,24:de:c6:e5:4b:e4,-75;,24:de:c6:e5:4b:e2,-75;,,80ec3f676e17debf
1498223029643,24:de:c6:e5:4c:14,-74;,24:de:c6:e5:4c:11,-74;,24:de:c6:e5:4c:12,-74;,24:de:c6:e5:4c:03,-64;,24:de:c6:e5:4c:00,-64;,24:de:c6:e5:4c:01,-64;,24:de:c6:e5:4b:f1,-85;,24:de:c6:e5:4b:f4,-85;,24:de:c6:e5:4b:f2,-85;,24:de:c6:e5:4c:10,-73;,24:de:c6:e5:4c:13,-74;,24:de:c6:e5:4c:04,-64;,24:de:c6:e5:4c:02,-64;,24:de:c6:e5:4b:f0,-84;,24:de:c6:e5:4b:f3,-84;,24:de:c6:e5:4b:e1,-75;,24:de:c6:e5:4b:e0,-75;,24:de:c6:e5:4b:e3,-75;,24:de:c6:e5:4b:e4,-75;,24:de:c6:e5:4b:e2,-75;,,80ec3f676e17debf
1498223029999,24:de:c6:e5:4c:14,-74;,24:de:c6:e5:4c:11,-74;,24:de:c6:e5:4c:12,-74;,24:de:c6:e5:4c:03,-62;,24:de:c6:e5:4c:00,-61;,24:de:c6:e5:4c:01,-62;,24:de:c6:e5:4b:f1,-85;,24:de:c6:e5:4b:f4,-85;,24:de:c6:e5:4b:f2,-85;,24:de:c6:e5:4c:10,-73;,24:de:c6:e5:4c:13,-74;,24:de:c6:e5:4c:04,-61;,24:de:c6:e5:4c:02,-62;,24:de:c6:e5:4b:f0,-84;,24:de:c6:e5:4b:f3,-84;,24:de:c6:e5:4b:e1,-77;,24:de:c6:e5:4b:e0,-77;,24:de:c6:e5:4b:e3,-77;,24:de:c6:e5:4b:e4,-77;,24:de:c6:e5:4b:e2,-77;,c0:bd:d1:c7:a2:e2,-94;,,80ec3f676e17debf
1498223030241,24:de:c6:e5:4c:14,-74;,24:de:c6:e5:4c:11,-74;,24:de:c6:e5:4c:12,-74;,24:de:c6:e5:4c:03,-62;,24:de:c6:e5:4c:00,-61;,24:de:c6:e5:4c:01,-62;,24:de:c6:e5:4b:f1,-85;,24:de:c6:e5:4b:f4,-85;,24:de:c6:e5:4b:f2,-85;,24:de:c6:e5:4c:10,-73;,24:de:c6:e5:4c:13,-74;,24:de:c6:e5:4c:04,-61;,24:de:c6:e5:4c:02,-62;,24:de:c6:e5:4b:f0,-84;,24:de:c6:e5:4b:f3,-84;,24:de:c6:e5:4b:e1,-77;,24:de:c6:e5:4b:e0,-77;,24:de:c6:e5:4b:e3,-77;,24:de:c6:e5:4b:e4,-77;,24:de:c6:e5:4b:e2,-77;,c0:bd:d1:c7:a2:e2,-94;,,80ec3f676e17debf
